City,Region,Country,Latitude,Longitude
Aberdeen,MA,us,42.3444444,-71.1500000
Abington,MA,us,42.1047222,-70.9458333
Acapesket,MA,us,41.5500000,-70.5763889
Accord,MA,us,42.1744444,-70.8841667
Acoaxet,MA,us,41.5069444,-71.0972222
Acorn Terrace,MA,us,42.0944444,-71.3722222
Acton,MA,us,42.4850000,-71.4333333
Acushnet,MA,us,41.6805556,-70.9083333
Adams,MA,us,42.6241667,-73.1180556
Adams Junction,MA,us,42.4583333,-73.2083333
Adams Shore,MA,us,42.2638889,-70.9847222
Adamsdale,MA,us,41.9277778,-71.3708333
Adamsville,MA,us,42.6813889,-72.7486111
Admirals Hill,MA,us,42.3900000,-71.0480556
Agawam,MA,us,42.0694444,-72.6152778
Alander,MA,us,42.0561111,-73.4666667
Aldenville,MA,us,42.1727778,-72.5986111
Aldrich Mills,MA,us,42.2819444,-72.5383333
Alford,MA,us,42.2355556,-73.4138889
Algerie Four Corners,MA,us,42.2186111,-73.0311111
Algers Corner,MA,us,42.0105556,-71.0666667
Allerton,MA,us,42.3041667,-70.8838889
Allston,MA,us,42.3583333,-71.1263889
Alms House,MA,us,41.6675000,-70.7633333
Amesbury,MA,us,42.8583333,-70.9305556
Amherst,MA,us,42.3802778,-72.5236111
Amherst Center,MA,us,42.3752778,-72.5197222
Amostown,MA,us,42.1263889,-72.6597222
Amrita,MA,us,41.6597222,-70.6194444
Andover,MA,us,42.6583333,-71.1375000
Annisquam,MA,us,42.6583333,-70.6777778
Antassawamock,MA,us,41.6252778,-70.8077778
Apponagansett,MA,us,41.6013889,-70.9625000
Arlington,MA,us,42.4152778,-71.1569444
Arlington Heights,MA,us,42.4202778,-71.1805556
Arnoldville,MA,us,42.5880556,-73.1341667
Asbury Grove,MA,us,42.6222222,-70.8847222
Ashburnham,MA,us,42.6361111,-71.9083333
Ashby,MA,us,42.6777778,-71.8208333
Ashcroft,MA,us,42.2333333,-71.1500000
Ashdod,MA,us,42.0686111,-70.7513889
Ashfield,MA,us,42.5263889,-72.7888889
Ashland,MA,us,42.2611111,-71.4638889
Ashley Falls,MA,us,42.0561111,-73.3355556
Ashley Heights,MA,us,41.7791667,-70.9208333
Ashleyville,MA,us,42.1583333,-72.6333333
Ashmont,MA,us,42.2833333,-71.0694444
Assinippi,MA,us,42.1583333,-70.8513889
Assonet,MA,us,41.7958333,-71.0683333
Assonet Bay Shores,MA,us,41.7958333,-71.0902778
Athol,MA,us,42.5958333,-72.2272222
Athol Junction,MA,us,42.1277778,-72.5625000
Atlantic,MA,us,42.2805556,-71.0291667
Attleboro,MA,us,41.9444444,-71.2861111
Attleboro Falls,MA,us,41.9708333,-71.3166667
Attleborough City,MA,us,41.9250000,-71.3500000
Auburn,MA,us,42.1944444,-71.8361111
Auburndale,MA,us,42.3472222,-71.2500000
Auburnville,MA,us,42.0694444,-70.9638889
Avon,MA,us,42.1305556,-71.0416667
Axtell Corner,MA,us,42.2319444,-71.6841667
Ayer,MA,us,42.5611111,-71.5902778
Ayers Village,MA,us,42.7869444,-71.1694444
Ayres City,MA,us,42.6250000,-71.3125000
Babbatasset Village,MA,us,42.6666667,-71.5791667
Babson Park,MA,us,42.2986111,-71.2600000
Back Bay,MA,us,42.3500000,-71.0875000
Baconville,MA,us,42.4230556,-72.4422222
Baileys Corner,MA,us,42.0250000,-70.6980556
Baird Four Corners,MA,us,42.1208333,-72.9319444
Baker Bridge,MA,us,42.4277778,-71.3369444
Bakers Grove,MA,us,42.5352778,-71.8833333
Baldwinville,MA,us,42.6083333,-72.0763889
Ballardvale,MA,us,42.6250000,-71.1611111
Bancroft,MA,us,42.3091667,-73.0291667
Baptist Corner,MA,us,42.5519444,-72.7633333
Baptist Corners,MA,us,42.6994444,-72.2700000
Baptist Village,MA,us,42.0472222,-72.4708333
Bardwell,MA,us,42.5566667,-72.6786111
Barkerville,MA,us,42.4225000,-73.3091667
Barlows Landing,MA,us,41.6908333,-70.6255556
Barneyville,MA,us,41.7716667,-71.2861111
Barnstable,MA,us,41.7000000,-70.3000000
Barre,MA,us,42.4227778,-72.1055556
Barre Falls,MA,us,42.4291667,-72.0266667
Barre Plains,MA,us,42.3777778,-72.1097222
Barrowsville,MA,us,41.9458333,-71.2041667
Bass River,MA,us,41.6527778,-70.2041667
Bass Rocks,MA,us,42.6141667,-70.6358333
Bassets Corner,MA,us,42.4813889,-72.1291667
Bay State,MA,us,42.3222222,-72.6638889
Bay View,MA,us,42.6700000,-70.6652778
Bay Village,MA,us,42.3505556,-71.0702778
Bayside,MA,us,42.3000000,-70.8833333
Bayside Beach,MA,us,41.8666667,-70.5322222
Bayview,MA,us,41.5736111,-70.9500000
Beach Bluff,MA,us,42.4791667,-70.8861111
Beach Park,MA,us,41.9402778,-70.6205556
Beach Point,MA,us,42.0547222,-70.1322222
Beachmont,MA,us,42.3958333,-70.9875000
Beachwood,MA,us,42.3250000,-73.3208333
Beacon Hill,MA,us,42.3586111,-71.0683333
Beaconsfield,MA,us,42.3366667,-71.1416667
Beaver,MA,us,42.0477778,-70.9783333
Beaver Brook,MA,us,42.2638889,-71.8291667
Beaver Brook Station,MA,us,42.3791667,-71.2208333
Becket,MA,us,42.3319444,-73.0833333
Becket Center,MA,us,42.2833333,-73.0638889
Bedford,MA,us,42.4905556,-71.2766667
Bedford Springs,MA,us,42.5161111,-71.2713889
Beechwood,MA,us,42.2097222,-70.8194444
Beechwood Estates,MA,us,42.4755556,-73.1116667
Belcher Square,MA,us,42.2000000,-73.3472222
Belchertown,MA,us,42.2769444,-72.4013889
Beldingville,MA,us,42.5375000,-72.7702778
Bellevue,MA,us,42.2875000,-71.1458333
Bellingham,MA,us,42.0866667,-71.4750000
Belmont,MA,us,42.3958333,-71.1791667
Belmont Hill,MA,us,42.2708333,-71.7972222
Belvidere,MA,us,42.6388889,-71.2902778
Bemis,MA,us,42.3686111,-71.2041667
Benjamins Landing,MA,us,42.0836111,-71.4294444
Bennetts Corner,MA,us,42.0186111,-71.0147222
Berkley,MA,us,41.8458333,-71.0833333
Berkley Bridge,MA,us,41.8333333,-71.1066667
Berkshire,MA,us,42.5125000,-73.1933333
Berkshire Heights,MA,us,42.1888889,-73.3694444
Berlin,MA,us,42.3811111,-71.6375000
Bernardston,MA,us,42.6708333,-72.5500000
Berryman Corner,MA,us,41.6500000,-71.0666667
Beulah Corners,MA,us,41.6611111,-71.0847222
Beverly,MA,us,42.5583333,-70.8805556
Beverly Cove,MA,us,42.5533333,-70.8541667
Beverly Farms,MA,us,42.5638889,-70.8111111
Beverly Road,MA,us,42.2986111,-71.7833333
Billerica,MA,us,42.5583333,-71.2694444
Birds Hill,MA,us,42.2750000,-71.2125000
Bisbee Corner,MA,us,41.7908333,-70.8691667
Bisbee Mill,MA,us,42.3744444,-72.8194444
Black Rock,MA,us,42.2436111,-70.8291667
Blackburn Village,MA,us,42.6269444,-71.8811111
Blackinton,MA,us,42.7041667,-73.1666667
Blackstone,MA,us,42.0177778,-71.5416667
Blanchardville,MA,us,42.1458333,-72.3041667
Blandford,MA,us,42.1805556,-72.9277778
Bleachery,MA,us,42.6277778,-71.3041667
Bliss Corner,MA,us,41.6116667,-70.9388889
Blissville,MA,us,42.6725000,-72.2750000
Bloomingdale,MA,us,42.2638889,-71.7708333
Blue Hills,MA,us,42.2430556,-71.0986111
Bolton,MA,us,42.4333333,-71.6083333
Bondsville,MA,us,42.2125000,-72.3458333
Bonny Rigg Corners,MA,us,42.2638889,-73.0513889
Booth Corner,MA,us,41.5875000,-71.0888889
Boston,MA,us,42.3583333,-71.0602778
Bourne,MA,us,41.7411111,-70.5994444
Bourne Corners,MA,us,41.7511111,-70.6083333
Bournedale,MA,us,41.7752778,-70.5627778
Bowens Corners,MA,us,42.6158333,-73.1075000
Bowenville,MA,us,41.7250000,-71.1466667
Boxboro,MA,us,42.4916667,-71.5277778
Boxboro Station,MA,us,42.5041667,-71.4933333
Boxford,MA,us,42.6611111,-70.9972222
Boxford Station,MA,us,42.6455556,-71.0583333
Boylston,MA,us,42.3916667,-71.7041667
Boylston Center,MA,us,42.3527778,-71.7355556
Bradford,MA,us,42.7694444,-71.0763889
Bradstreet,MA,us,42.4105556,-72.5922222
Braggville,MA,us,42.1666667,-71.4805556
Braggville Station,MA,us,42.1625000,-71.4750000
Braintree,MA,us,42.2222222,-71.0000000
Braintree Highlands,MA,us,42.1791667,-71.0125000
Braleys,MA,us,41.7375000,-70.9708333
Bramanville,MA,us,42.1805556,-71.7708333
Brant Rock,MA,us,42.0861111,-70.6416667
Brantwood Manor,MA,us,42.1633333,-70.8622222
Brattle,MA,us,42.4216667,-71.1683333
Brayton Hill,MA,us,42.6975000,-73.1441667
Brayton Point,MA,us,41.7138889,-71.1833333
Braytonville,MA,us,42.6983333,-73.1305556
Breezy Hill,MA,us,42.0319444,-70.8444444
Brewster,MA,us,41.7600000,-70.0833333
Briarwood Beach,MA,us,41.7375000,-70.7416667
Bridgewater,MA,us,41.9902778,-70.9755556
Brier,MA,us,42.5894444,-72.9944444
Brigadoon Village,MA,us,42.5847222,-71.0152778
Briggs Corner,MA,us,41.9125000,-71.2597222
Briggsville,MA,us,42.7155556,-73.0808333
Brighton,MA,us,42.3500000,-71.1569444
Brightside,MA,us,42.1625000,-72.6333333
Brightwood,MA,us,42.1186111,-72.6166667
Brimfield,MA,us,42.1227778,-72.2013889
Brimstone Corner,MA,us,42.0588889,-70.7838889
Britanniaville,MA,us,41.9186111,-71.1061111
Brittan Square,MA,us,42.2861111,-71.7875000
Brockton,MA,us,42.0833333,-71.0188889
Brockton Heights,MA,us,42.0888889,-71.0652778
Brockway Corner,MA,us,42.4427778,-71.5611111
Brookfield,MA,us,42.2138889,-72.1027778
Brookfield Mobile Home Park,MA,us,42.1708333,-72.1305556
Brookline,MA,us,42.3316667,-71.1216667
Brookline Village,MA,us,42.3327778,-71.1166667
Brooks,MA,us,42.4138889,-71.8986111
Brooks Place,MA,us,42.0375000,-71.0208333
Brooks Village,MA,us,42.5625000,-72.1077778
Brookside,MA,us,42.1688889,-73.3577778
Brookside Station,MA,us,42.6083333,-71.4116667
Brookville,MA,us,42.1250000,-71.0097222
Brownell Corner,MA,us,41.6266667,-71.1025000
Browns Corner,MA,us,42.4000000,-71.5944444
Browns Point,MA,us,42.8388889,-70.8305556
Brush Hill Mobile Home Park,MA,us,42.1447222,-72.6347222
Brush Hollow,MA,us,42.3416667,-73.0333333
Brushwood,MA,us,42.1027778,-71.4297222
Bryant Four Corners,MA,us,42.4686111,-72.9325000
Bryantville,MA,us,42.0438889,-70.8430556
Buckland,MA,us,42.5922222,-72.7922222
Buckland Four Corners,MA,us,42.5647222,-72.8041667
Buena Vista Shores,MA,us,41.8097222,-70.9555556
Buffington Corner,MA,us,41.7847222,-71.0319444
Buffumville,MA,us,42.1188889,-71.9000000
Bullardville,MA,us,42.6980556,-72.0852778
Burkinshaws Factory,MA,us,42.6680556,-71.6125000
Burkville,MA,us,42.5063889,-72.7125000
Burleys Corner,MA,us,42.5772222,-70.9902778
Burlington,MA,us,42.5047222,-71.1961111
Burncoat,MA,us,42.3097222,-71.7861111
Burrage,MA,us,42.0291667,-70.8561111
Burrage Corner,MA,us,42.5208333,-72.2250000
Burtts Crossing,MA,us,42.6030556,-71.1916667
Butlerville,MA,us,42.1527778,-72.4041667
Buzzards Bay,MA,us,41.7452778,-70.6186111
Byfield,MA,us,42.7597222,-70.9486111
Cadys Corners,MA,us,42.1680556,-72.5055556
Cahoon Hollow,MA,us,41.9444444,-69.9861111
Cambridge,MA,us,42.3750000,-71.1061111
Cambridgeport,MA,us,42.3605556,-71.1072222
Camp,MA,us,42.3900000,-71.2186111
Camp Ashmere,MA,us,42.4441667,-73.0791667
Camp Avoda,MA,us,41.8661111,-70.8641667
Camp Barton,MA,us,42.1541667,-71.8958333
Camp Becket,MA,us,42.2916667,-73.0791667
Camp Bement,MA,us,42.1805556,-71.9650000
Camp Berkshire,MA,us,42.0313889,-72.7611111
Camp Bob White,MA,us,42.2263889,-71.4688889
Camp Breezy Meadow,MA,us,42.1738889,-71.4436111
Camp Burgess,MA,us,41.6977778,-70.4555556
Camp Cabot,MA,us,42.4000000,-71.2325000
Camp Caravan,MA,us,42.6427778,-72.1547222
Camp Chacalot,MA,us,41.8119444,-70.6500000
Camp Chappa Challa,MA,us,42.0500000,-70.6666667
Camp Chimney Corners,MA,us,42.2811111,-73.0722222
Camp Cielo Celeste,MA,us,42.6019444,-71.4458333
Camp Collier,MA,us,42.6188889,-71.9644444
Camp Danbee,MA,us,42.4427778,-73.0758333
Camp Edwards,MA,us,41.6569444,-70.5444444
Camp Emerson,MA,us,42.4325000,-73.1333333
Camp Glenmere,MA,us,42.1861111,-73.1936111
Camp Green Eyrie,MA,us,42.4972222,-71.5972222
Camp Greylock,MA,us,42.3000000,-73.0680556
Camp Herbron,MA,us,41.9097222,-71.3013889
Camp Howe,MA,us,42.4519444,-72.7930556
Camp Immaculate Heart,MA,us,42.6458333,-71.4950000
Camp Jayson,MA,us,42.1875000,-73.1980556
Camp Kingsmont,MA,us,42.3013889,-73.4144444
Camp Kinneywood,MA,us,42.2972222,-71.8625000
Camp Kiwanis,MA,us,42.6961111,-71.3772222
Camp Lenore,MA,us,42.4397222,-73.0930556
Camp Lincoln Hill,MA,us,42.0708333,-71.2152778
Camp Mah-Kee-Nac,MA,us,42.3402778,-73.3097222
Camp Marion White,MA,us,42.4152778,-73.3166667
Camp Mary Day,MA,us,42.3272222,-71.3263889
Camp Massapoag,MA,us,42.6500000,-71.4983333
Camp Meadowlark,MA,us,42.2069444,-73.2111111
Camp Merrill,MA,us,42.4888889,-73.2452778
Camp Merriwood,MA,us,41.7930556,-71.1041667
Camp Mishannock,MA,us,41.9555556,-70.7388889
Camp Mohawk,MA,us,42.5336111,-73.2008333
Camp Muriel Flagg,MA,us,42.7411111,-73.1855556
Camp Nashoba,MA,us,42.6027778,-71.4480556
Camp Neyati,MA,us,42.1972222,-71.9430556
Camp Noquochoke,MA,us,41.5958333,-71.0633333
Camp Norse,MA,us,41.9366667,-70.7458333
Camp Ousamequin,MA,us,42.0069444,-70.8505556
Camp Resolute,MA,us,42.4222222,-71.5875000
Camp Rockne,MA,us,41.8525000,-70.6772222
Camp Romaca,MA,us,42.4269444,-73.1330556
Camp Rowe,MA,us,42.6894444,-72.8980556
Camp Russell,MA,us,42.4116667,-73.3236111
Camp Sayre,MA,us,42.2333333,-71.0944444
Camp Sea Haven,MA,us,42.7375000,-70.7888889
Camp Snipatuit,MA,us,41.7650000,-70.8722222
Camp Spruce Hill,MA,us,42.0436111,-73.0250000
Camp Squanto,MA,us,41.8308333,-70.6375000
Camp Stevenson,MA,us,42.4758333,-73.2827778
Camp Sumner,MA,us,42.4875000,-73.2416667
Camp Taconic,MA,us,42.4527778,-73.0916667
Camp Ted,MA,us,42.3972222,-71.2286111
Camp Titicut,MA,us,41.9333333,-70.9994444
Camp Virginia,MA,us,42.4250000,-71.5805556
Camp Wakitatina,MA,us,42.6002778,-71.4508333
Camp Wampatuck,MA,us,42.0638889,-70.8630556
Camp Warwick,MA,us,42.6986111,-72.3180556
Camp Welch,MA,us,41.8166667,-71.0875000
Camp Witawentin,MA,us,42.4750000,-73.2863889
Camp Woronoak,MA,us,42.1533333,-72.8708333
Camp Wyoma,MA,us,42.4283333,-73.1258333
Camp Yomechas,MA,us,41.8597222,-70.8597222
Campbells Station,MA,us,42.1305556,-71.2986111
Campello,MA,us,42.0541667,-71.0208333
Campground Landing,MA,us,41.8527778,-70.0069444
Canada Mills,MA,us,42.3730556,-71.8277778
Canedys Corner,MA,us,41.8013889,-70.9763889
Cannonville,MA,us,41.6597222,-70.7986111
Canton,MA,us,42.1583333,-71.1452778
Canton Junction,MA,us,42.1625000,-71.1625000
Cardinal Heights,MA,us,42.0611111,-71.9319444
Carey Corner,MA,us,42.3733333,-73.3463889
Carlisle,MA,us,42.5291667,-71.3500000
Carlisle Station,MA,us,42.5361111,-71.3975000
Carterville,MA,us,42.3883333,-71.6458333
Carver,MA,us,41.8833333,-70.7630556
Caryville,MA,us,42.1333333,-71.4483333
Cataumet,MA,us,41.6661111,-70.6202778
Cataumet Station,MA,us,41.6655556,-70.6138889
Cayenne,MA,us,42.1305556,-72.6375000
Cedar,MA,us,42.1230556,-71.2638889
Cedar Bushes,MA,us,41.8972222,-70.5500000
Cedar Grove,MA,us,42.2805556,-71.0583333
Cedar Hill,MA,us,42.1333333,-71.2833333
Cedarville,MA,us,41.8102778,-70.5558333
Cedarville Landing,MA,us,41.8138889,-70.5416667
Cedarwood,MA,us,42.3708333,-71.2630556
Centerville,MA,us,41.6486111,-70.3486111
Central Square,MA,us,42.4911111,-71.1511111
Central Village,MA,us,41.5736111,-71.0916667
Centralville,MA,us,42.6555556,-71.3055556
Centre Mills,MA,us,41.9750000,-71.1852778
Chadwick Square,MA,us,42.2902778,-71.8097222
Chadwicks Folly,MA,us,41.3197222,-69.9902778
Chaffinville,MA,us,42.3361111,-71.8333333
Chandler Hill,MA,us,42.2736111,-71.7916667
Chapinville,MA,us,42.3369444,-71.6250000
Chappaquiddick,MA,us,41.3872222,-70.5050000
Chappaquoit,MA,us,41.6041667,-70.6500000
Charlemont,MA,us,42.6277778,-72.8702778
Charles River Grove,MA,us,42.0916667,-71.4736111
Charles River Station,MA,us,42.2622222,-71.2630556
Charles River Village,MA,us,42.2605556,-71.2616667
Charlestown,MA,us,42.3777778,-71.0625000
Charlton,MA,us,42.1355556,-71.9705556
Charlton City,MA,us,42.1458333,-71.9888889
Charlton Depot,MA,us,42.1730556,-71.9791667
Chartley,MA,us,41.9486111,-71.2263889
Chaseville,MA,us,42.0416667,-71.8972222
Chatham,MA,us,41.6819444,-69.9602778
Chatham Port,MA,us,41.7027778,-69.9700000
Cheapside,MA,us,42.5722222,-72.5861111
Chelmsford,MA,us,42.5997222,-71.3677778
Chelmsford Center,MA,us,42.5958333,-71.2027778
Chelsea,MA,us,42.3916667,-71.0333333
Cherry Valley,MA,us,42.2430556,-71.8736111
Cheshire,MA,us,42.5619444,-73.1633333
Cheshire Harbor,MA,us,42.5938889,-73.1419444
Chester,MA,us,42.2791667,-72.9791667
Chester Center,MA,us,42.2902778,-72.9250000
Chesterfield,MA,us,42.3916667,-72.8402778
Chestnut Hill,MA,us,42.3305556,-71.1666667
Chestnut Hill Meeting House,MA,us,42.0450000,-71.5786111
Chestnut Tree Corner,MA,us,41.8283333,-71.1444444
Chicopee,MA,us,42.1486111,-72.6083333
Chicopee Falls,MA,us,42.1519444,-72.5763889
Chilmark,MA,us,41.3430556,-70.7452778
Chiltonville,MA,us,41.9375000,-70.6291667
Christian Town,MA,us,41.4252778,-70.6875000
Churchill Landing,MA,us,41.9013889,-70.5444444
Churchill Shores,MA,us,41.8055556,-70.9583333
Cisco,MA,us,41.2541667,-70.1541667
City Mills,MA,us,42.1083333,-71.3550000
City Point,MA,us,42.3361111,-71.0291667
Clapps Corner,MA,us,42.2000000,-70.8130556
Clarendon Hills,MA,us,42.2750000,-71.1250000
Clayton,MA,us,42.0430556,-73.2875000
Clematis Brook Station,MA,us,42.3816667,-71.2111111
Clevelandtown,MA,us,41.3833333,-70.5194444
Clicquot,MA,us,42.1713889,-71.3527778
Clifford,MA,us,41.7263889,-70.9416667
Clifton,MA,us,42.4833333,-70.8805556
Clifton Heights,MA,us,42.0569444,-71.0305556
Cliftondale,MA,us,42.4486111,-71.0111111
Clinton,MA,us,42.4166667,-71.6833333
Cobbs Village,MA,us,41.7083333,-70.2916667
Coburnville,MA,us,42.2727778,-71.4361111
Cochesett,MA,us,42.0166667,-71.0388889
Cochituate,MA,us,42.3208333,-71.3647222
Codfish Park,MA,us,41.2797222,-69.9625000
Cohasset,MA,us,42.2416667,-70.8041667
Cold Spring,MA,us,42.1541667,-73.0750000
Coldbrook Springs,MA,us,42.3944444,-72.0472222
Cole Corner,MA,us,42.2236111,-70.8861111
Cole Mill,MA,us,41.9263889,-70.7991667
College Hill,MA,us,42.2333333,-71.8111111
Collins Corner,MA,us,41.7111111,-71.1069444
Collinsville,MA,us,42.6833333,-71.3527778
Colonial Acres,MA,us,41.6477778,-70.2561111
Colonial Park,MA,us,42.0272222,-71.8319444
Colrain,MA,us,42.6730556,-72.6972222
Colton Hollow,MA,us,42.1097222,-72.3541667
Coltsville,MA,us,42.4675000,-73.2041667
Columbus Park,MA,us,42.2555556,-71.8347222
Cominsville,MA,us,42.1869444,-71.8958333
Community Park,MA,us,42.1152778,-71.9083333
Concord,MA,us,42.4602778,-71.3494444
Congamond,MA,us,42.0194444,-72.7700000
Conway,MA,us,42.5097222,-72.7000000
Cooks Brook Beach,MA,us,41.8644444,-70.0083333
Cooks Corner,MA,us,42.2777778,-72.4708333
Cooleyville,MA,us,42.4630556,-72.3730556
Coolidge Corner,MA,us,42.3458333,-71.1250000
Coolidge Hill,MA,us,42.3736111,-71.1394444
Copper Works,MA,us,41.9483333,-71.1791667
Cordage,MA,us,41.9791667,-70.6916667
Cordaville,MA,us,42.2688889,-71.5244444
Coskata,MA,us,41.3541667,-70.0208333
Cottage Hill,MA,us,42.3680556,-70.9694444
Cottage Park,MA,us,42.3708333,-70.9875000
Cotuit,MA,us,41.6166667,-70.4375000
Cotuit Highlands,MA,us,41.6083333,-70.4375000
Country View Estates,MA,us,42.0958333,-71.4375000
Countryside,MA,us,42.4419444,-71.1944444
Court Park,MA,us,42.3727778,-70.9952778
Coury Heights,MA,us,41.6958333,-70.9250000
Cow Yard,MA,us,41.5319444,-70.9666667
Cowen Corner,MA,us,41.7688889,-70.8433333
Cox Corner,MA,us,42.0588889,-70.6916667
Coxs Corner,MA,us,42.0805556,-70.8875000
Craigville,MA,us,41.6394444,-70.3355556
Craigville Beach,MA,us,41.6366667,-70.3458333
Cranberry Bog Corner,MA,us,41.5625000,-70.9861111
Cranberry Village,MA,us,41.8358333,-70.7269444
Crane Lake Camp,MA,us,42.3380556,-73.3791667
Cranes Station,MA,us,41.9519444,-71.1466667
Crescent Beach,MA,us,41.6541667,-70.7872222
Crescent Mills,MA,us,42.2194444,-72.8605556
Crooks Corner,MA,us,42.0250000,-71.4908333
Crow Point,MA,us,42.2616667,-70.8958333
Crownridge Estates,MA,us,42.1883333,-71.3213889
Cummaquid,MA,us,41.7016667,-70.2736111
Cummingsville,MA,us,42.4811111,-71.1750000
Cummington,MA,us,42.4616667,-72.8944444
Curtis Crossing,MA,us,42.1027778,-70.8236111
Curtisville,MA,us,42.0222222,-70.9180556
Curzon Mill,MA,us,42.8208333,-70.9375000
Cushing,MA,us,42.8427778,-70.8194444
Cushman,MA,us,42.4138889,-72.5069444
Cuttyhunk,MA,us,41.4208333,-70.9297222
Daley Corner,MA,us,42.0666667,-71.0875000
Dalton,MA,us,42.4736111,-73.1666667
Damons Mills Westvale,MA,us,42.4527778,-71.4263889
Dana Center,MA,us,42.4222222,-72.2250000
Danvers,MA,us,42.5750000,-70.9305556
Danvers Center,MA,us,42.5722222,-70.9611111
Danversport,MA,us,42.5483333,-70.9208333
Davisville,MA,us,41.5513889,-70.5638889
Dawson,MA,us,42.3397222,-71.8513889
Dayville,MA,us,42.3027778,-72.9055556
Dedham,MA,us,42.2416667,-71.1666667
Dedham Island,MA,us,42.2666667,-71.1777778
Deerfield,MA,us,42.5444444,-72.6061111
Dell,MA,us,42.6708333,-72.8486111
Dennis,MA,us,41.7352778,-70.1944444
Dennis Port,MA,us,41.6583333,-70.1291667
Derby Wharf,MA,us,42.5194444,-70.8855556
Devenscrest,MA,us,42.5500000,-71.5666667
Dighton,MA,us,41.8138889,-71.1208333
Dingley Dell,MA,us,42.1188889,-72.2583333
Dock Square,MA,us,42.3519444,-71.0577778
Dodge,MA,us,42.1619444,-71.9333333
Dodge Corner,MA,us,42.6000000,-72.8430556
Dodgeville,MA,us,41.9208333,-71.2972222
Dogtown Commons,MA,us,42.6361111,-70.6652778
Doles Corner,MA,us,42.7263889,-70.9027778
Dorchester,MA,us,42.2972222,-71.0750000
Dorchester Center,MA,us,42.2916667,-71.0722222
Dorchester Heights,MA,us,42.3333333,-71.0444444
Dorothy Manor,MA,us,42.2166667,-71.7563889
Dorothy Pond,MA,us,42.2205556,-71.7602778
Douglas,MA,us,42.0541667,-71.7400000
Douglas Corner,MA,us,41.7752778,-70.7919444
Dover,MA,us,42.2458333,-71.2833333
Downtown Crossing,MA,us,42.3544444,-71.0583333
Dracut,MA,us,42.6702778,-71.3025000
Drumlin Farms,MA,us,42.0783333,-70.9041667
Drury,MA,us,42.6522222,-72.9980556
Drury Square,MA,us,42.2061111,-71.8361111
Duckville,MA,us,42.2166667,-72.3444444
Dudley,MA,us,42.0450000,-71.9305556
Dudleyville,MA,us,42.4852778,-72.4463889
Duncan Knoll,MA,us,42.2055556,-72.5541667
Dunstable,MA,us,42.6750000,-71.4833333
Duxbury,MA,us,42.0416667,-70.6727778
Dwight,MA,us,42.3277778,-72.4500000
Eaglesville,MA,us,42.5500000,-72.2708333
East Acton,MA,us,42.4750000,-71.4100000
East Arlington,MA,us,42.4041667,-71.1472222
East Berlin,MA,us,42.3897222,-71.6000000
East Billerica,MA,us,42.5813889,-71.2375000
East Blackstone,MA,us,42.0416667,-71.5125000
East Bolton,MA,us,42.4458333,-71.5625000
East Boston,MA,us,42.3750000,-71.0397222
East Boxford,MA,us,42.6916667,-70.9805556
East Braintree,MA,us,42.2250000,-70.9750000
East Brewster,MA,us,41.7680556,-70.0602778
East Bridgewater,MA,us,42.0333333,-70.9597222
East Brimfield,MA,us,42.1111111,-72.1488889
East Brookfield,MA,us,42.2277778,-72.0472222
East Cambridge,MA,us,42.3666667,-71.0805556
East Carver,MA,us,41.9272222,-70.7513889
East Charlemont,MA,us,42.6222222,-72.7902778
East Chop,MA,us,41.4683333,-70.5694444
East Dedham,MA,us,42.2500000,-71.1583333
East Deerfield,MA,us,42.5666667,-72.5658333
East Dennis,MA,us,41.7425000,-70.1625000
East Douglas,MA,us,42.0722222,-71.7138889
East Douglas Station,MA,us,42.0611111,-71.7105556
East Fairhaven,MA,us,41.6486111,-70.8616667
East Falmouth,MA,us,41.5783333,-70.5591667
East Farms,MA,us,42.1861111,-72.7486111
East Forest Park,MA,us,42.0972222,-72.5375000
East Foxboro,MA,us,42.0611111,-71.2013889
East Freetown,MA,us,41.7750000,-70.9583333
East Gardner,MA,us,42.5777778,-71.9527778
East Gloucester,MA,us,42.6111111,-70.6486111
East Greenfield,MA,us,42.5750000,-72.5819444
East Groton,MA,us,42.6416667,-71.5000000
East Hadley,MA,us,42.3286111,-72.5600000
East Harwich,MA,us,41.7000000,-70.0277778
East Holliston,MA,us,42.2125000,-71.4208333
East Junction,MA,us,41.9083333,-71.3083333
East Lee,MA,us,42.2972222,-73.2250000
East Leverett,MA,us,42.4397222,-72.4805556
East Lexington,MA,us,42.4272222,-71.2041667
East Littleton,MA,us,42.5600000,-71.4541667
East Longmeadow,MA,us,42.0644444,-72.5130556
East Lynn,MA,us,42.4694444,-70.9277778
East Mansfield,MA,us,42.0230556,-71.1777778
East Marion,MA,us,41.7125000,-70.7458333
East Millbury,MA,us,42.2277778,-71.7458333
East Milton,MA,us,42.2583333,-71.0430556
East Natick,MA,us,42.3075000,-71.3358333
East Northfield,MA,us,42.6930556,-72.4388889
East Northfield Station,MA,us,42.7250000,-72.4611111
East Norton,MA,us,41.9750000,-71.1708333
East Orleans,MA,us,41.7850000,-69.9708333
East Otis,MA,us,42.1733333,-73.0350000
East Parish,MA,us,42.6638889,-71.0166667
East Pembroke,MA,us,42.0791667,-70.7625000
East Pepperell,MA,us,42.6652778,-71.5736111
East Princeton,MA,us,42.4727778,-71.8394444
East Renfrew,MA,us,42.6366667,-73.1027778
East Sandwich,MA,us,41.7416667,-70.4522222
East Sharon,MA,us,42.1350000,-71.1616667
East Sheffield,MA,us,42.0477778,-73.3013889
East Shelburne,MA,us,42.6352778,-72.6672222
East Somerville,MA,us,42.3855556,-71.0861111
East Springfield,MA,us,42.1416667,-72.5625000
East Sudbury Station,MA,us,42.3602778,-71.4022222
East Sutton,MA,us,42.1625000,-71.7022222
East Taunton,MA,us,41.8833333,-71.0291667
East Templeton,MA,us,42.5630556,-72.0375000
East Village,MA,us,42.3772222,-72.4980556
East Walpole,MA,us,42.1619444,-71.2111111
East Wareham,MA,us,41.7580556,-70.6741667
East Watertown,MA,us,42.3694444,-71.1625000
East Weymouth,MA,us,42.2138889,-70.9208333
East Whately,MA,us,42.4458333,-72.6152778
East Wilbraham,MA,us,42.1541667,-72.3958333
East Windsor,MA,us,42.4777778,-72.9861111
Eastern Summit,MA,us,42.6725000,-73.0144444
Eastham,MA,us,41.8300000,-69.9744444
Easthampton,MA,us,42.2666667,-72.6694444
Eastland Heights,MA,us,41.8500000,-70.5458333
Easton,MA,us,42.0244444,-71.1291667
Easton Center,MA,us,42.0361111,-71.0972222
Easton Green,MA,us,42.0416667,-71.0786111
Easton Station,MA,us,42.0383333,-71.0950000
Eastondale,MA,us,42.0361111,-71.0694444
Eastover,MA,us,42.3708333,-73.2580556
Eastview Park,MA,us,42.4008333,-71.2152778
Eastville,MA,us,41.4611111,-70.5791667
Ebenville,MA,us,42.4375000,-71.7027778
Eddyville,MA,us,41.9241667,-70.8477778
Eden Square,MA,us,42.6452778,-70.5955556
Edgartown,MA,us,41.3888889,-70.5138889
Edgemere,MA,us,42.2486111,-71.7416667
Edgeworth,MA,us,42.4188889,-71.0805556
Egremont Plain,MA,us,42.1847222,-73.4144444
Egypt,MA,us,42.2125000,-70.7588889
Egypt Beach,MA,us,42.2200000,-70.7452778
Eliot,MA,us,42.3194444,-71.2138889
Ellis,MA,us,42.2138889,-71.1916667
Ellisville,MA,us,41.8444444,-70.5422222
Elm Grove,MA,us,42.7097222,-72.7041667
Elm Square,MA,us,42.0166667,-71.0208333
Elmwood,MA,us,42.0097222,-70.9625000
Elmwood Station,MA,us,42.0183333,-70.9708333
Endicott,MA,us,42.2316667,-71.1583333
Englewood,MA,us,41.6458333,-70.2472222
Erving,MA,us,42.6000000,-72.3986111
Essex,MA,us,42.6319444,-70.7833333
Essex Falls,MA,us,42.6250000,-70.7916667
Everett,MA,us,42.4083333,-71.0541667
Factory Hollow,MA,us,42.4152778,-72.5191667
Fairhaven,MA,us,41.6375000,-70.9041667
Fairlane Mobile Home Park,MA,us,42.5938889,-71.6708333
Fairlawn,MA,us,42.2750000,-71.7416667
Fairmount,MA,us,42.2513889,-71.1152778
Fairview,MA,us,42.2041667,-72.5750000
Fall River,MA,us,41.7013889,-71.1555556
Fall River Station,MA,us,41.7138889,-71.1541667
Falmouth,MA,us,41.5513889,-70.6152778
Falmouth Heights,MA,us,41.5458333,-70.5958333
Faneuil,MA,us,42.3555556,-71.1638889
Farley,MA,us,42.6000000,-72.4394444
Farm Hill,MA,us,42.4938889,-71.0911111
Farm Street Station,MA,us,42.2108333,-71.3147222
Farmersville,MA,us,41.6902778,-70.4441667
Farnams,MA,us,42.5416667,-73.1861111
Farnumsville,MA,us,42.1769444,-71.6813889
Faulkner,MA,us,42.4291667,-71.0555556
Faunce Corner,MA,us,41.6791667,-70.9888889
Fayville,MA,us,42.2944444,-71.5061111
Feeding Hills,MA,us,42.0680556,-72.6791667
Felchville,MA,us,42.2977778,-71.3597222
Fells,MA,us,42.4416667,-71.0716667
Fennerville,MA,us,42.0375000,-71.8833333
Fentonville,MA,us,42.1402778,-72.2736111
Ferncroft,MA,us,42.5791667,-70.9583333
Ferry Hill,MA,us,42.1394444,-70.6997222
Fiberloid,MA,us,42.1513889,-72.5333333
Fields Corner,MA,us,42.3000000,-71.0583333
Fieldston,MA,us,42.1072222,-70.6644444
Fighting Rock Corner,MA,us,41.7347222,-71.0902778
Finnville,MA,us,42.1944444,-70.8994444
Fireworks,MA,us,42.1041667,-70.8722222
First Cliff,MA,us,42.1994444,-70.7166667
First Encounter Beach,MA,us,41.8227778,-70.0041667
Fishermans Landing,MA,us,41.9061111,-70.5472222
Fishers Landing,MA,us,41.2936111,-70.1797222
Fisherville,MA,us,42.1750000,-71.6930556
Fiskdale,MA,us,42.1161111,-72.1138889
Fitchburg,MA,us,42.5833333,-71.8027778
Five Corners,MA,us,42.0236111,-71.1208333
Five Pound Island,MA,us,42.6136111,-70.6538889
Flints Corner,MA,us,42.6550000,-71.4333333
Florence,MA,us,42.3355556,-72.6722222
Florida,MA,us,42.6666667,-73.0116667
Follen Heights,MA,us,42.4325000,-71.2138889
Fomer,MA,us,42.2450000,-72.7944444
Forbes Wharf,MA,us,42.2666667,-71.0608333
Forest Hills,MA,us,42.2966667,-71.1125000
Forest Park,MA,us,42.0902778,-72.5708333
Forestdale,MA,us,41.6916667,-70.5000000
Forge Village,MA,us,42.5800000,-71.4875000
Fort Andrews,MA,us,42.2997222,-70.9288889
Fort Dawes,MA,us,42.3500000,-70.9569444
Fort Duvall,MA,us,42.3000000,-70.8963889
Fort Hill,MA,us,42.2375000,-70.9041667
Fort Independence,MA,us,42.3380556,-71.0122222
Fort Lucas,MA,us,42.6702778,-72.6744444
Fort Morris,MA,us,42.6513889,-72.6822222
Fort Morrison,MA,us,42.6972222,-72.6966667
Fort Revere,MA,us,42.3061111,-70.9083333
Fort Standish,MA,us,41.9972222,-70.6291667
Fort Warren,MA,us,42.3194444,-70.9291667
Foundry Village,MA,us,42.6736111,-72.7188889
Four Corners,MA,us,42.1858333,-72.3486111
Fourth Cliff,MA,us,42.1600000,-70.7050000
Foxboro,MA,us,42.0583333,-71.2500000
Foxborough,MA,us,42.0652778,-71.2483333
Foxvale,MA,us,42.0425000,-71.2347222
Framingham,MA,us,42.2791667,-71.4166667
Framingham Center,MA,us,42.2972222,-71.4375000
Franklin,MA,us,42.0833333,-71.3972222
Franklin Park,MA,us,42.4416667,-71.0166667
Frederick Corner,MA,us,42.6483333,-71.4750000
Freeman Knoll,MA,us,42.1980556,-72.5500000
Fresh Brook,MA,us,41.8933333,-69.9875000
Freshwater Cove Village,MA,us,42.5958333,-70.6875000
Fryeville,MA,us,42.6277778,-72.2255556
Fryville,MA,us,42.4083333,-71.6202778
Fuller Heights,MA,us,42.4452778,-71.2138889
Fuller Shores,MA,us,41.8180556,-70.9402778
Furnace,MA,us,42.3458333,-72.1611111
Gannett Corners,MA,us,42.2186111,-70.7875000
Gardner,MA,us,42.5750000,-71.9986111
Gates Crossing,MA,us,42.4958333,-71.7375000
Gay Head,MA,us,41.3436111,-70.8152778
Georgetown,MA,us,42.7250000,-70.9916667
Germantown,MA,us,42.2555556,-70.9625000
Gibbs Crossing,MA,us,42.2372222,-72.2888889
Gibbs Grove,MA,us,41.8680556,-70.8619444
Gidleys Corner,MA,us,41.5819444,-71.0402778
Giffords Corner,MA,us,41.6222222,-71.0805556
Gilbertville,MA,us,42.3125000,-72.2083333
Gill,MA,us,42.6402778,-72.5000000
Gill Station,MA,us,42.6500000,-72.4644444
Gillett Corner,MA,us,42.0255556,-72.7861111
Ginty Corner,MA,us,42.0147222,-71.1627778
Gleasondale,MA,us,42.4061111,-71.5272222
Gleasondale Station,MA,us,42.3958333,-71.5238889
Glen Grove,MA,us,42.1652778,-71.9944444
Glen Grove Annex,MA,us,42.1583333,-71.9875000
Glen Heights,MA,us,42.1569444,-71.9930556
Glen Mills,MA,us,42.7375000,-70.9016667
Glenallen,MA,us,42.6816667,-72.0255556
Glendale,MA,us,42.2833333,-73.3444444
Glenridge,MA,us,42.2458333,-71.3219444
Glenwood,MA,us,42.4230556,-71.0919444
Globe Village,MA,us,42.0833333,-72.0477778
Gloucester,MA,us,42.6158333,-70.6625000
Golden Ring Camp,MA,us,42.0500000,-70.8444444
Gomorrah,MA,us,42.0513889,-73.2869444
Gooch Corners,MA,us,42.2272222,-71.4269444
Goodrichville,MA,us,42.5977778,-71.7027778
Goshen,MA,us,42.4402778,-72.8000000
Goss Heights,MA,us,42.2625000,-72.8736111
Goulding Village,MA,us,42.5416667,-72.1102778
Gowards Corner,MA,us,42.0250000,-71.0672222
Graceland Park,MA,us,42.7722222,-71.1602778
Grafton,MA,us,42.2069444,-71.6861111
Granby,MA,us,42.2563889,-72.5166667
Grand View Estates,MA,us,42.0900000,-71.8983333
Grand Vue,MA,us,41.6372222,-70.8052778
Graniteville,MA,us,42.5958333,-71.4625000
Grantville,MA,us,42.3125000,-71.2750000
Granville,MA,us,42.0666667,-72.8619444
Granville Center,MA,us,42.0672222,-72.8791667
Gray Gables,MA,us,41.7333333,-70.6208333
Great Barrington,MA,us,42.1958333,-73.3625000
Great Brook Valley,MA,us,42.3069444,-71.7722222
Great Neck,MA,us,41.5375000,-70.9916667
Great Swamp,MA,us,42.2444444,-72.6138889
Green Acres Trailer Park,MA,us,42.6586111,-71.5830556
Green Harbor,MA,us,42.0777778,-70.6500000
Green Ridge Park,MA,us,42.4516667,-73.1883333
Greenbush,MA,us,42.1791667,-70.7500000
Greendale,MA,us,42.3069444,-71.7958333
Greenfield,MA,us,42.5875000,-72.6000000
Greenlodge,MA,us,42.2222222,-71.1597222
Greenville,MA,us,42.2041667,-71.9166667
Greenwood,MA,us,42.4819444,-71.0625000
Greylock,MA,us,42.6963889,-73.1519444
Greylock Estates,MA,us,42.5419444,-73.2283333
Griswoldville,MA,us,42.6563889,-72.7144444
Grosvenor Corner,MA,us,42.7766667,-71.1741667
Groton,MA,us,42.6111111,-71.5750000
Grounts Corner,MA,us,42.5777778,-72.4944444
Grove Hall,MA,us,42.3111111,-71.0750000
Groveland,MA,us,42.7602778,-71.0319444
Gurneys Corner,MA,us,42.0430556,-70.8550000
Hadley,MA,us,42.3416667,-72.5888889
Haggetts,MA,us,42.6455556,-71.2083333
Hales Crossing,MA,us,42.6541667,-72.5644444
Halfway House,MA,us,42.0619444,-71.6708333
Halfway Pond,MA,us,41.8422222,-70.5369444
Halifax,MA,us,41.9911111,-70.8625000
Halifax Beach,MA,us,42.0000000,-70.8527778
Halifax Mobile Home Estates,MA,us,41.9925000,-70.8294444
Hallockville,MA,us,42.5525000,-72.9422222
Hamilton,MA,us,42.6361111,-70.8436111
Hamilton Beach,MA,us,41.7433333,-70.7125000
Hammond Heights,MA,us,42.2738889,-71.8180556
Hampden,MA,us,42.0638889,-72.4138889
Hampton Ponds,MA,us,42.1833333,-72.7011111
Hampton Village,MA,us,42.1680556,-72.7550000
Hancock,MA,us,42.5430556,-73.3241667
Handy Four Corners,MA,us,41.5708333,-71.0763889
Hanover,MA,us,42.1130556,-70.8125000
Hanover Center,MA,us,42.1166667,-70.8416667
Hanson,MA,us,42.0750000,-70.8805556
Happy Hills,MA,us,42.1158333,-71.4747222
Harbor Beach,MA,us,41.6688889,-70.7625000
Harbor View,MA,us,41.6291667,-70.8930556
Harding,MA,us,42.2036111,-71.3244444
Hardwick,MA,us,42.3500000,-72.2000000
Harlows Landing,MA,us,41.8483333,-70.5316667
Harris,MA,us,41.8138889,-71.3125000
Harrisville,MA,us,42.7102778,-72.0852778
Harrubs Corner,MA,us,41.9880556,-70.8030556
Harthaven,MA,us,41.4430556,-70.5569444
Hartsville,MA,us,42.1597222,-73.2588889
Harvard,MA,us,42.5000000,-71.5833333
Harvard Station,MA,us,42.5222222,-71.6000000
Harwich,MA,us,41.6861111,-70.0763889
Harwich Port,MA,us,41.6666667,-70.0791667
Hastings,MA,us,42.3875000,-71.2897222
Hatchville,MA,us,41.6291667,-70.5638889
Hatfield,MA,us,42.3708333,-72.5986111
Hatherly,MA,us,42.1566667,-70.9250000
Hatherly Beach,MA,us,42.2125000,-70.7333333
Hathorne,MA,us,42.5861111,-70.9750000
Havenville,MA,us,42.5022222,-71.2111111
Haverhill,MA,us,42.7761111,-71.0777778
Hawley,MA,us,42.5644444,-72.8783333
Hayden Row,MA,us,42.2041667,-71.5111111
Haydenville,MA,us,42.3750000,-72.7013889
Hayward Corner,MA,us,42.6483333,-71.4522222
Haywardville,MA,us,42.4641667,-71.0919444
Head of Westport,MA,us,41.6208333,-71.0625000
Heald Village,MA,us,42.4250000,-72.0958333
Heard Street,MA,us,42.2305556,-71.8430556
Heath,MA,us,42.6733333,-72.8222222
Heaven Heights,MA,us,41.7861111,-70.9500000
Hemlock Brook Estates,MA,us,42.7236111,-73.2061111
Hemlocks,MA,us,41.8111111,-70.9402778
Hendersonville,MA,us,42.4041667,-71.0666667
Hephzibah Heights,MA,us,42.1666667,-73.1902778
Herbonville,MA,us,41.9027778,-71.3208333
Highland,MA,us,42.2852778,-71.1572222
Highland Glen Estates,MA,us,42.2838889,-72.4127778
Highland Lake,MA,us,42.1263889,-71.3102778
Highland Park,MA,us,42.2222222,-72.6208333
Highlands,MA,us,42.7813889,-71.0766667
Highlandville,MA,us,42.7938889,-71.0822222
Hillcrest,MA,us,41.6541667,-71.0750000
Hillsville,MA,us,42.2611111,-72.0111111
Hilltop Acres,MA,us,41.7986111,-70.9569444
Hingham,MA,us,42.2416667,-70.8902778
Hingham Center,MA,us,42.2333333,-70.8805556
Hinsdale,MA,us,42.4386111,-73.1258333
Hixville,MA,us,41.6816667,-71.0319444
Hockanum,MA,us,42.2930556,-72.6041667
Hodges Village,MA,us,42.1180556,-71.8813889
Hoicks Hollow,MA,us,41.2875000,-69.9722222
Holbrook,MA,us,42.1550000,-71.0091667
Holden,MA,us,42.3516667,-71.8638889
Holden Center,MA,us,42.3500000,-71.8583333
Holland,MA,us,42.0638889,-72.1577778
Holliston,MA,us,42.2000000,-71.4250000
Holly Woods,MA,us,41.6588889,-70.7588889
Holyoke,MA,us,42.2041667,-72.6166667
Hoosac Tunnel,MA,us,42.6691667,-72.9933333
Hoosac Tunnel Station,MA,us,42.6683333,-72.9875000
Hopedale,MA,us,42.1305556,-71.5416667
Hopkinton,MA,us,42.2286111,-71.5230556
Hortonville,MA,us,41.7750000,-71.2000000
Hosmer Corner,MA,us,42.0644444,-72.7250000
Houghs Neck,MA,us,42.2666667,-70.9583333
Houghtonville,MA,us,42.7127778,-73.0750000
Housatonic,MA,us,42.2541667,-73.3666667
Hovey Corner,MA,us,42.6794444,-71.6013889
Howe,MA,us,42.5944444,-70.9986111
Howlands,MA,us,41.7972222,-70.8458333
Hubbard Corner,MA,us,42.0436111,-72.6361111
Hubbardston,MA,us,42.4736111,-72.0066667
Hubbardston Station,MA,us,42.4847222,-71.9866667
Huckleberry Corner,MA,us,41.8333333,-70.7708333
Huckleberry Shores,MA,us,41.8236111,-70.9500000
Hudson,MA,us,42.3916667,-71.5666667
Hull,MA,us,42.3019444,-70.9083333
Humarock,MA,us,42.1361111,-70.6905556
Hundred Acre Lot,MA,us,42.0972222,-71.6694444
Huntington,MA,us,42.2361111,-72.8763889
Hyannis,MA,us,41.6527778,-70.2833333
Hyannis Park,MA,us,41.6458333,-70.2694444
Hyannis Port,MA,us,41.6355556,-70.3000000
Hyde Park,MA,us,42.2555556,-71.1250000
Hydeville,MA,us,42.6827778,-72.0722222
Idlewell,MA,us,42.2305556,-70.9555556
Idlewood,MA,us,41.6361111,-70.9805556
Idylwide,MA,us,42.4330556,-71.2525000
Indian Heights,MA,us,41.7591667,-70.6316667
Indian Lake Estates,MA,us,42.2555556,-73.0591667
Indian Lands,MA,us,41.3333333,-70.8166667
Indian Orchard,MA,us,42.1583333,-72.5000000
Indian Shore,MA,us,41.8236111,-70.9152778
Ingleside,MA,us,42.1750000,-72.6333333
Inland Park,MA,us,41.7347222,-70.9458333
Interlaken,MA,us,42.3144444,-73.3311111
Ipswich,MA,us,42.6791667,-70.8416667
Ironstone,MA,us,42.0283333,-71.6111111
Island,MA,us,42.2472222,-71.8041667
Island Creek,MA,us,42.0125000,-70.7250000
Islington,MA,us,42.2236111,-71.1902778
Jabez Corner,MA,us,41.9458333,-70.6466667
Jacobs Lake Shores,MA,us,42.1616667,-70.8533333
Jamaica Plain,MA,us,42.3097222,-71.1208333
Jamesville,MA,us,42.2361111,-71.8541667
Jefferson,MA,us,42.3638889,-71.8813889
Jefferson Shores,MA,us,41.7516667,-70.6294444
Jeffries Point,MA,us,42.3652778,-71.0333333
Jerneganville,MA,us,41.4016667,-70.5558333
Johnson Corner,MA,us,42.0666667,-72.6944444
Joppa,MA,us,42.8055556,-70.8583333
Judson,MA,us,41.9166667,-71.0050000
June Street,MA,us,42.2686111,-71.8355556
Katama,MA,us,41.3583333,-70.5075000
Kelly Corner,MA,us,42.4750000,-71.4541667
Kempton Croft,MA,us,41.6402778,-71.0097222
Kenberma,MA,us,42.2833333,-70.8750000
Kendal Green,MA,us,42.3797222,-71.2822222
Kent Corner,MA,us,42.7055556,-70.9097222
Kent Park,MA,us,42.1083333,-70.6902778
Kenwood,MA,us,42.6611111,-71.2638889
Kettle Cove Village,MA,us,42.5800000,-70.7300000
King Corner,MA,us,42.5647222,-72.9505556
Kingdom Hall,MA,us,41.5777778,-70.5461111
Kings Forest,MA,us,42.6888889,-70.9805556
Kings Landing,MA,us,42.1583333,-70.7672222
Kingsbury Beach,MA,us,41.8375000,-70.0041667
Kingston,MA,us,41.9944444,-70.7250000
Kingston Shores,MA,us,41.9980556,-70.7041667
Kinsman Corner,MA,us,42.6375000,-70.9750000
Kirby Corner,MA,us,41.6027778,-71.0861111
Kittville,MA,us,42.1897222,-71.6563889
Knights Corner,MA,us,42.3519444,-72.4036111
Knights Crossing,MA,us,42.7750000,-70.8888889
Knightville,MA,us,42.2833333,-72.8666667
Knollmere,MA,us,41.6352778,-70.8600000
Konkapot,MA,us,42.0772222,-73.1625000
Lagoon Heights,MA,us,41.4500000,-70.5797222
Lake Forest Park,MA,us,42.3083333,-71.3541667
Lake Pleasant,MA,us,42.5563889,-72.5186111
Lakeside,MA,us,41.6666667,-71.1083333
Lakeside Shore,MA,us,41.7950000,-70.9319444
Lakeview,MA,us,42.4027778,-71.2416667
Lakeview Heights,MA,us,41.8013889,-70.9569444
Lakeview Terrace,MA,us,42.4916667,-73.2405556
Lakeville,MA,us,41.8458333,-70.9500000
Lakewood,MA,us,42.4494444,-73.2263889
Lakewood Park,MA,us,42.5291667,-71.8791667
Lamberts Cove,MA,us,41.4380556,-70.6677778
Lambs Grove,MA,us,42.2750000,-71.9683333
Lancaster,MA,us,42.4555556,-71.6736111
Lands End,MA,us,42.6402778,-70.6000000
Lane Village,MA,us,42.6602778,-71.9372222
Lanesborough,MA,us,42.5172222,-73.2286111
Lanesville,MA,us,42.6777778,-70.6597222
Larrywaug,MA,us,42.3000000,-73.3347222
Laurel Park,MA,us,42.3583333,-72.6416667
Lawrence,MA,us,42.7069444,-71.1636111
Lee,MA,us,42.3041667,-73.2486111
Leeds,MA,us,42.3513889,-72.7000000
Leicester,MA,us,42.2458333,-71.9091667
Leightons Corner,MA,us,42.7236111,-70.9361111
Leino Park,MA,us,42.5250000,-71.8777778
Leisure Lee,MA,us,42.2938889,-73.2005556
Lenox,MA,us,42.3563889,-73.2852778
Lenox Dale,MA,us,42.3361111,-73.2458333
Lenox Station,MA,us,42.3500000,-73.2450000
Leominster,MA,us,42.5250000,-71.7602778
Leverett,MA,us,42.4519444,-72.5019444
Leverett Station,MA,us,42.4505556,-72.5230556
Lexington,MA,us,42.4472222,-71.2250000
Leyden,MA,us,42.7000000,-72.6305556
Liberty Heights,MA,us,42.1227778,-72.5958333
Liberty Plain,MA,us,42.1888889,-70.8833333
Lincoln,MA,us,42.4258333,-71.3044444
Lincoln Heights,MA,us,42.2236111,-70.9194444
Linden,MA,us,42.4333333,-71.0319444
Lindenwood,MA,us,42.4833333,-71.1083333
Linebrook,MA,us,42.6800000,-70.9291667
Linwood,MA,us,42.0972222,-71.6452778
Lithia,MA,us,42.4561111,-72.8355556
Little Bridge,MA,us,42.1600000,-70.7436111
Little Egypt,MA,us,42.6055556,-73.0813889
Little Nahant,MA,us,42.4361111,-70.9333333
Little Neck,MA,us,42.6958333,-70.7930556
Little Rest,MA,us,42.1405556,-72.1875000
Little River,MA,us,42.1000000,-72.7200000
Littleton,MA,us,42.5375000,-71.5125000
Littleton Common,MA,us,42.5458333,-71.4750000
Littleville,MA,us,42.2875000,-72.8916667
Lobsterville,MA,us,41.3500000,-70.7980556
Locks Village,MA,us,42.5000000,-72.4347222
Lokerville,MA,us,42.2888889,-71.3972222
Long Josephs Point,MA,us,41.2458333,-70.1000000
Long Plain,MA,us,41.7375000,-70.8958333
Long Pond Park,MA,us,42.6958333,-71.3638889
Longmeadow,MA,us,42.0500000,-72.5833333
Longview,MA,us,41.4402778,-70.6583333
Longwood Station,MA,us,42.3419444,-71.1111111
Loudville,MA,us,42.2875000,-72.7380556
Loveland,MA,us,42.0325000,-71.8400000
Lovell Corners,MA,us,42.1966667,-70.9269444
Lovellville,MA,us,42.3708333,-71.8511111
Lowell,MA,us,42.6333333,-71.3166667
Lowell Junction,MA,us,42.6138889,-71.1625000
Lower Mills,MA,us,42.2750000,-71.0708333
Lower Village,MA,us,42.4333333,-71.4850000
Lower Wire Village,MA,us,42.2638889,-71.9938889
Ludlow,MA,us,42.1600000,-72.4763889
Ludlow Center,MA,us,42.1916667,-72.4597222
Ludlow City,MA,us,42.2202778,-72.4994444
Lunenburg,MA,us,42.5944444,-71.7250000
Lunenburg Station,MA,us,42.5361111,-71.7041667
Luther Corner,MA,us,41.7447222,-71.2236111
Luthers Corners,MA,us,41.8091667,-71.3375000
Lynn,MA,us,42.4666667,-70.9500000
Lynnfield,MA,us,42.5388889,-71.0486111
Lynnhurst,MA,us,42.4708333,-71.0041667
Lyonsville,MA,us,42.6722222,-72.7158333
Macomber Corner,MA,us,41.5977778,-70.9805556
Macombers Corner,MA,us,41.5694444,-71.1069444
Madaket,MA,us,41.2727778,-70.1986111
Magnolia,MA,us,42.5736111,-70.7111111
Mahkeenac Heights,MA,us,42.3263889,-73.3125000
Mahkeenac Shores,MA,us,42.3308333,-73.3147222
Mahkeenac Terrace,MA,us,42.3330556,-73.3147222
Makonikey,MA,us,41.4597222,-70.6561111
Malden,MA,us,42.4250000,-71.0666667
Malden Centre,MA,us,42.4269444,-71.0655556
Malden Highlands,MA,us,42.4319444,-71.0866667
Manchaug,MA,us,42.0944444,-71.7480556
Manchester,MA,us,42.5777778,-70.7694444
Manleys Corner,MA,us,42.0416667,-71.0583333
Mann Hill Beach,MA,us,42.2227778,-70.7500000
Manns Corner,MA,us,42.1438889,-70.8680556
Manomet,MA,us,41.9186111,-70.5666667
Manomet Beach,MA,us,41.8922222,-70.5347222
Manomet Bluffs,MA,us,41.9125000,-70.5486111
Manomet Heights,MA,us,41.9250000,-70.5541667
Mansfield,MA,us,42.0333333,-71.2194444
Manson Corner,MA,us,42.2013889,-70.7838889
Mantyranta,MA,us,42.5388889,-71.8825000
Maple Grove,MA,us,42.6147222,-73.1291667
Maple Park,MA,us,42.7683333,-71.1625000
Maple Ridge,MA,us,42.0750000,-71.4805556
Maplewood,MA,us,42.4361111,-71.0513889
Mara Vista,MA,us,41.5472222,-70.5872222
Marble Ridge Station,MA,us,42.6791667,-71.0983333
Marblehead,MA,us,42.5000000,-70.8583333
Marblehead Lighthouse,MA,us,42.5061111,-70.8344444
Marblehead Neck,MA,us,42.5000000,-70.8375000
Marion,MA,us,41.7000000,-70.7633333
Marions Camp,MA,us,42.1555556,-71.7727778
Marks Garrison,MA,us,42.2347222,-72.1597222
Marlboro,MA,us,42.7166667,-70.9736111
Marlborough,MA,us,42.3458333,-71.5527778
Marlborough Junction,MA,us,42.3313889,-71.5416667
Marsh Corner,MA,us,42.7277778,-71.2319444
Marshall Corner,MA,us,42.0597222,-71.0666667
Marshfield,MA,us,42.0916667,-70.7061111
Marshfield Center,MA,us,42.1166667,-70.7166667
Marshfield Hills,MA,us,42.1458333,-70.7402778
Marston Corners,MA,us,42.7416667,-71.1686111
Marstons Mills,MA,us,41.6561111,-70.4166667
Mashpee,MA,us,41.6483333,-70.4816667
Mashpee Neck,MA,us,41.6100000,-70.4652778
Masons Corner,MA,us,41.7666667,-70.9430556
Massasoit,MA,us,42.2394444,-71.7827778
Matfield,MA,us,42.0333333,-70.9972222
Matfield Corner,MA,us,42.0300000,-71.0091667
Matfield Junction,MA,us,42.0352778,-70.9880556
Mathies Manor,MA,us,42.1902778,-72.5652778
Mattapan,MA,us,42.2722222,-71.0875000
Mattapoisett,MA,us,41.6583333,-70.8166667
Maushop Village,MA,us,41.5638889,-70.4716667
Maxim Corner,MA,us,41.8772222,-70.8052778
Mayflower Grove,MA,us,42.0416667,-70.8430556
Mayflower Heights,MA,us,42.0638889,-70.1527778
Maynard,MA,us,42.4333333,-71.4500000
Mayo Beach,MA,us,41.9305556,-70.0416667
Mayo Corners,MA,us,42.6833333,-72.3116667
McKnight and Bay,MA,us,42.1166667,-72.5666667
Meadow Brook,MA,us,41.9375000,-71.1680556
Meadow Wood Trailer Park,MA,us,42.5963889,-71.6838889
Meadowbrook Acres Mobile Home Park,MA,us,42.5088889,-71.7541667
Meadowbrook Green,MA,us,42.1747222,-72.3344444
Meadowbrook Mobile Home Park,MA,us,42.3902778,-71.5808333
Meadowvale,MA,us,42.7011111,-73.1858333
Meads Corner,MA,us,42.3538889,-72.4236111
Mechanicsville,MA,us,41.7236111,-71.1494444
Medfield,MA,us,42.1875000,-71.3069444
Medfield Junction,MA,us,42.1972222,-71.3263889
Medford,MA,us,42.4183333,-71.1066667
Medford Hillside,MA,us,42.4125000,-71.1258333
Medway,MA,us,42.1416667,-71.3972222
Meeting House Hill,MA,us,42.3069444,-71.0625000
Megansett,MA,us,41.6527778,-70.6208333
Melrose,MA,us,42.4583333,-71.0666667
Melrose Highlands,MA,us,42.4708333,-71.0619444
Menauhant,MA,us,41.5541667,-70.5505556
Mendon,MA,us,42.1055556,-71.5527778
Menemsha,MA,us,41.3516667,-70.7647222
Mercer Square,MA,us,42.1319444,-70.8591667
Meriams Corner,MA,us,42.4597222,-71.3250000
Merino Village,MA,us,42.0500000,-71.8902778
Merrick,MA,us,42.1166667,-72.6250000
Merrimac,MA,us,42.8305556,-71.0027778
Merrimac Terrace,MA,us,42.4822222,-71.0041667
Merrimacport,MA,us,42.8277778,-70.9888889
Merrymount,MA,us,42.2625000,-70.9958333
Metcalf,MA,us,42.1833333,-71.4458333
Methuen,MA,us,42.7261111,-71.1913889
Middleboro,MA,us,41.8930556,-70.9116667
Middlefield,MA,us,42.3483333,-73.0155556
Middleton,MA,us,42.5950000,-71.0166667
Middleton Colony,MA,us,42.5902778,-70.9930556
Midland,MA,us,42.0930556,-71.4819444
Mikas Pond,MA,us,41.2833333,-70.1036111
Mileoak Corner,MA,us,42.1077778,-72.4372222
Miles Bridge,MA,us,41.7722222,-71.2833333
Miles Standish Park,MA,us,42.0133333,-70.7061111
Milford,MA,us,42.1397222,-71.5166667
Mill River,MA,us,42.1138889,-73.2680556
Mill Street,MA,us,42.2652778,-71.8500000
Mill Valley,MA,us,42.3555556,-72.5208333
Mill Village,MA,us,42.4333333,-72.1027778
Millbrook,MA,us,42.0486111,-70.6875000
Millbury,MA,us,42.1938889,-71.7605556
Millbury Junction,MA,us,42.2347222,-71.7333333
Millers Falls,MA,us,42.5819444,-72.4930556
Millerville,MA,us,42.0208333,-71.5000000
Millis,MA,us,42.1675000,-71.3583333
Millville,MA,us,42.0277778,-71.5813889
Milton,MA,us,42.2494444,-71.0666667
Milton Center,MA,us,42.2541667,-71.0805556
Milton Hill,MA,us,42.2650000,-71.0583333
Milton Upper Mills,MA,us,42.2611111,-71.0958333
Milton Village,MA,us,42.2666667,-71.0722222
Minot,MA,us,42.2402778,-70.7625000
Miramar,MA,us,42.0063889,-70.7208333
Mishawum,MA,us,42.5025000,-71.1416667
Mittineague,MA,us,42.1041667,-72.6458333
Monomoscoy Island,MA,us,41.5697222,-70.5055556
Monomoy,MA,us,41.2777778,-70.0816667
Monponsett,MA,us,42.0183333,-70.8472222
Monroe Bridge,MA,us,42.7222222,-72.9416667
Monroes,MA,us,41.7755556,-71.3166667
Monson,MA,us,42.1041667,-72.3194444
Montague,MA,us,42.5355556,-72.5355556
Montague City,MA,us,42.5866667,-72.5750000
Montague Station,MA,us,42.5438889,-72.5355556
Montclair,MA,us,42.2708333,-71.0361111
Montello,MA,us,42.1083333,-71.0166667
Monterey,MA,us,42.1791667,-73.2125000
Montgomery,MA,us,42.2066667,-72.8055556
Montrose,MA,us,42.5158333,-71.0541667
Montserrat,MA,us,42.5625000,-70.8666667
Montvale,MA,us,42.4777778,-71.1250000
Montville,MA,us,42.1186111,-73.1263889
Monument Beach,MA,us,41.7194444,-70.6125000
Moody Corner,MA,us,42.2805556,-72.5591667
Moores Corner,MA,us,42.4944444,-72.4688889
Moores Corners,MA,us,42.4333333,-71.8125000
Morningdale,MA,us,42.3138889,-71.7583333
Morris Corner,MA,us,42.0402778,-71.0908333
Morse Corner,MA,us,42.0500000,-71.0852778
Morse Village,MA,us,42.5430556,-72.3375000
Morseville,MA,us,42.2583333,-71.3416667
Mount Auburn,MA,us,42.3750000,-71.1500000
Mount Bowdoin,MA,us,42.3041667,-71.0750000
Mount Hermon,MA,us,42.6680556,-72.4858333
Mount Hermon Station,MA,us,42.6838889,-72.4919444
Mount Hope,MA,us,42.2833333,-71.1250000
Mount Ida,MA,us,42.3041667,-71.0633333
Mount Pleasant,MA,us,41.6625000,-70.9527778
Mount Tom,MA,us,42.2861111,-72.6166667
Mount Vernon Park,MA,us,42.6875000,-71.1666667
Mountain Park,MA,us,42.2436111,-72.6319444
Mundale,MA,us,42.1183333,-72.8116667
Mungo Corner,MA,us,42.1944444,-70.7813889
Munns Ferry,MA,us,42.6541667,-72.4666667
Munroe Station,MA,us,42.4405556,-71.2130556
Muschopauge,MA,us,42.3975000,-71.9208333
Myricks,MA,us,41.8305556,-71.0277778
Mystic Grove,MA,us,42.1819444,-72.0027778
Nabnasset,MA,us,42.6125000,-71.4208333
Nabs Corner,MA,us,41.3722222,-70.6833333
Nahant,MA,us,42.4263889,-70.9194444
Namasket Village,MA,us,41.9041667,-70.9305556
Nameloc Heights,MA,us,41.8216667,-70.5477778
Namskaket,MA,us,41.7916667,-70.0166667
Nancys Corner,MA,us,42.6486111,-70.8722222
Nantasket Beach,MA,us,42.2777778,-70.8666667
Nantasket Junction,MA,us,42.2450000,-70.8705556
Nantucket,MA,us,41.2833333,-70.1000000
Nashaquitsa,MA,us,41.3208333,-70.7702778
Nasketucket,MA,us,41.6441667,-70.8750000
Natick,MA,us,42.2833333,-71.3500000
Nauset Heights,MA,us,41.8041667,-69.9436111
Naushon Station,MA,us,41.4916667,-70.7444444
Neale Place,MA,us,42.6566667,-72.1369444
Needham,MA,us,42.2833333,-71.2333333
Needham Corner,MA,us,42.5180556,-70.9500000
Needham Heights,MA,us,42.2944444,-71.2333333
Needham Junction,MA,us,42.2722222,-71.2458333
Nelsons Grove,MA,us,41.8486111,-70.9319444
Nelsons Shores,MA,us,41.8250000,-70.9375000
Nemasket,MA,us,41.9119444,-70.8811111
Neponset,MA,us,42.2861111,-71.0458333
New Ashford,MA,us,42.6050000,-73.2400000
New Bedford,MA,us,41.6361111,-70.9347222
New Boston,MA,us,41.7319444,-70.2041667
New Braintree,MA,us,42.3166667,-72.1263889
New Lenox,MA,us,42.3944444,-73.2430556
New Marlborough,MA,us,42.1227778,-73.2291667
New Salem,MA,us,42.5041667,-72.3325000
New Seabury,MA,us,41.5713889,-70.4758333
New Squantum,MA,us,42.2941667,-71.0272222
New Village,MA,us,42.1147222,-71.6833333
Newbury Old Town,MA,us,42.7666667,-70.8458333
Newburyport,MA,us,42.8125000,-70.8777778
Newcomb Hollow,MA,us,41.9638889,-69.9966667
Newstead Montegrade,MA,us,42.3111111,-71.0958333
Newton,MA,us,42.3369444,-71.2097222
Newton Center,MA,us,42.3305556,-71.2000000
Newton Corner,MA,us,42.3611111,-71.1958333
Newton Highlands,MA,us,42.3208333,-71.2000000
Newton Lower Falls,MA,us,42.3291667,-71.2541667
Newton Upper Falls,MA,us,42.3138889,-71.2200000
Newtonville,MA,us,42.3500000,-71.2041667
Newtown,MA,us,41.6716667,-70.4391667
Nichewaug,MA,us,42.4375000,-72.2041667
Nine Acre Corner,MA,us,42.4291667,-71.3766667
Nobscot,MA,us,42.3291667,-71.4369444
Nonantum,MA,us,42.3625000,-71.2027778
Nonatomqua Mobile Home Park,MA,us,42.2013889,-72.0986111
Nonquitt,MA,us,41.5625000,-70.9430556
Norfolk,MA,us,42.1194444,-71.3255556
Norfolk Downs,MA,us,42.2722222,-71.0208333
Norris Corner,MA,us,42.6900000,-71.4016667
North Abington,MA,us,42.1291667,-70.9500000
North Acton,MA,us,42.5125000,-71.4125000
North Adams,MA,us,42.7008333,-73.1091667
North Agawam,MA,us,42.0977778,-72.6361111
North Amherst,MA,us,42.4102778,-72.5313889
North Andover,MA,us,42.6986111,-71.1355556
North Andover Center,MA,us,42.6833333,-71.1125000
North Ashburnham,MA,us,42.6750000,-71.9436111
North Attleboro,MA,us,41.9833333,-71.3333333
North Bellingham,MA,us,42.1208333,-71.4561111
North Bernardston,MA,us,42.7194444,-72.5736111
North Beverly,MA,us,42.5805556,-70.8875000
North Billerica,MA,us,42.5833333,-71.2850000
North Blandford,MA,us,42.2102778,-72.9819444
North Brighton,MA,us,42.3583333,-71.1388889
North Brookfield,MA,us,42.2666667,-72.0833333
North Cambridge,MA,us,42.3958333,-71.1305556
North Carver,MA,us,41.9202778,-70.8000000
North Chatham,MA,us,41.7013889,-69.9541667
North Chelmsford,MA,us,42.6388889,-71.3833333
North Chester,MA,us,42.3236111,-72.9277778
North Chicopee,MA,us,42.1833333,-72.6000000
North Cohasset,MA,us,42.2583333,-70.8430556
North Commons,MA,us,42.2472222,-71.0166667
North Dartmouth,MA,us,41.6388889,-70.9708333
North Dennis,MA,us,41.7397222,-70.2208333
North Dighton,MA,us,41.8638889,-71.1250000
North Duxbury,MA,us,42.0713889,-70.7208333
North Eastham,MA,us,41.8650000,-69.9916667
North Easton,MA,us,42.0666667,-71.1041667
North Egremont,MA,us,42.1966667,-73.4383333
North End,MA,us,42.1133333,-72.6041667
North Fairhaven,MA,us,41.6583333,-70.9083333
North Falmouth,MA,us,41.6458333,-70.6188889
North Falmouth Station,MA,us,41.6480556,-70.6144444
North Farms,MA,us,42.3652778,-72.6716667
North Foxboro,MA,us,42.0766667,-71.2583333
North Grafton,MA,us,42.2333333,-71.7083333
North Hadley,MA,us,42.3861111,-72.5819444
North Hancock,MA,us,42.6111111,-73.2880556
North Hanover,MA,us,42.1458333,-70.8680556
North Hanson,MA,us,42.0583333,-70.9000000
North Harwich,MA,us,41.6958333,-70.1208333
North Hatfield,MA,us,42.4111111,-72.6227778
North Heath,MA,us,42.7063889,-72.8263889
North Lakeville,MA,us,41.8575000,-70.9427778
North Leominster,MA,us,42.5416667,-71.7375000
North Leverett,MA,us,42.5083333,-72.4930556
North Lexington,MA,us,42.4633333,-71.2375000
North Marshfield,MA,us,42.1430556,-70.7708333
North Middleboro,MA,us,41.9333333,-70.9750000
North Milford,MA,us,42.1833333,-71.5383333
North Monson,MA,us,42.1222222,-72.3083333
North Natick,MA,us,42.3013889,-71.3583333
North New Salem,MA,us,42.5458333,-72.3194444
North Orange,MA,us,42.6352778,-72.2625000
North Otis,MA,us,42.2313889,-73.1097222
North Oxford,MA,us,42.1500000,-71.8688889
North Pembroke,MA,us,42.0930556,-70.7930556
North Pepperell,MA,us,42.6930556,-71.5916667
North Plymouth,MA,us,41.9708333,-70.6833333
North Plympton,MA,us,41.9883333,-70.8077778
North Pocasset,MA,us,41.6958333,-70.6055556
North Prescott,MA,us,42.4561111,-72.3441667
North Quincy,MA,us,42.2825000,-71.0258333
North Randolph,MA,us,42.1972222,-71.0625000
North Reading,MA,us,42.5750000,-71.0791667
North Rehoboth,MA,us,41.9027778,-71.2194444
North Rochester,MA,us,41.7819444,-70.8902778
North Rutland,MA,us,42.4305556,-71.9763889
North Salem,MA,us,42.5263889,-70.9055556
North Saugus,MA,us,42.4958333,-71.0202778
North Scituate,MA,us,42.2188889,-70.7861111
North Seekonk,MA,us,41.8891667,-71.3305556
North Shirley,MA,us,42.5847222,-71.6472222
North Spencer,MA,us,42.3063889,-71.9861111
North Stoughton,MA,us,42.1513889,-71.0750000
North Sudbury,MA,us,42.4091667,-71.4050000
North Sunderland,MA,us,42.5041667,-72.5583333
North Swansea,MA,us,41.7680556,-71.2638889
North Tewksbury,MA,us,42.6344444,-71.2463889
North Tisbury,MA,us,41.4055556,-70.6750000
North Truro,MA,us,42.0333333,-70.0958333
North Uxbridge,MA,us,42.0875000,-71.6416667
North Village,MA,us,42.3650000,-71.1980556
North Westport,MA,us,41.6602778,-71.0888889
North Weymouth,MA,us,42.2458333,-70.9472222
North Wilbraham,MA,us,42.1527778,-72.4252778
North Wilmington,MA,us,42.5694444,-71.1569444
North Woburn,MA,us,42.5083333,-71.1583333
North Woods,MA,us,42.3916667,-71.8772222
North Worcester,MA,us,42.3166667,-71.8180556
Northampton,MA,us,42.3250000,-72.6416667
Northborough,MA,us,42.3194444,-71.6416667
Northbridge,MA,us,42.1513889,-71.6500000
Northbridge Center,MA,us,42.1347222,-71.6730556
Northfield,MA,us,42.6958333,-72.4533333
Northfield Farms,MA,us,42.6147222,-72.4750000
Northside,MA,us,42.1647222,-71.9536111
Northville,MA,us,42.0602778,-70.9277778
Northwest Duxbury,MA,us,42.0583333,-70.7416667
Norton,MA,us,41.9666667,-71.1875000
Norton Grove,MA,us,41.9916667,-71.1958333
Norwell,MA,us,42.1616667,-70.7944444
Norwell Homes,MA,us,42.1722222,-70.8722222
Norwich,MA,us,42.2888889,-72.8388889
Norwich Bridge,MA,us,42.2480556,-72.8694444
Norwood,MA,us,42.1944444,-71.2000000
Nutting Lake,MA,us,42.5377778,-71.2694444
O'Briens Corner,MA,us,42.0875000,-72.6402778
Oak Bluffs,MA,us,41.4541667,-70.5625000
Oak Grove,MA,us,42.4347222,-71.0750000
Oak Grove Village,MA,us,41.7025000,-71.1263889
Oak Hill,MA,us,42.2583333,-71.7902778
Oak Hill Park,MA,us,42.2944444,-71.1861111
Oak Island,MA,us,42.4250000,-70.9875000
Oakdale,MA,us,42.3902778,-71.7938889
Oakham,MA,us,42.3527778,-72.0458333
Oakland,MA,us,41.9111111,-71.1388889
Oakland Heights,MA,us,42.2250000,-71.7805556
Oakland Square,MA,us,42.0361111,-70.8005556
Oakland Vale,MA,us,42.4716667,-71.0319444
Oaklands,MA,us,42.6333333,-71.2861111
Ocean Bluff,MA,us,42.0972222,-70.6541667
Ocean Grove,MA,us,41.7291667,-71.2097222
Ocean Heights,MA,us,41.4063889,-70.5522222
Ocean View,MA,us,42.6847222,-70.6250000
Oklahoma Heights,MA,us,41.4388889,-70.6091667
Old Boat Point,MA,us,42.2383333,-70.9733333
Old Cambridge,MA,us,42.3777778,-71.1166667
Old City,MA,us,42.6375000,-71.7300000
Old Common,MA,us,42.1847222,-71.7861111
Old Harbor,MA,us,41.6000000,-69.9833333
Old Hill,MA,us,42.1041667,-72.5680556
Old Mouth North River,MA,us,42.1258333,-70.6797222
Old North Ashburnham Station,MA,us,42.6555556,-71.9833333
Old Oaken Bucket Homestead,MA,us,42.1777778,-70.7563889
Old Quaker Meetinghouse,MA,us,41.7463889,-70.4588889
Old Silver Beach,MA,us,41.6266667,-70.6366667
Old Spain,MA,us,42.2433333,-70.9441667
Old Sturbridge Village,MA,us,42.1069444,-72.0991667
Old Town Landing,MA,us,41.8041667,-71.1213889
Olde English Village,MA,us,42.5583333,-71.9983333
Oldham Pines,MA,us,42.0722222,-70.8291667
Oldham Village,MA,us,42.0666667,-70.8291667
Onset,MA,us,41.7416667,-70.6583333
Onset Station,MA,us,41.7561111,-70.6775000
Orange,MA,us,42.5902778,-72.3102778
Orchard Hills Estates,MA,us,42.1072222,-71.8372222
Orient Heights,MA,us,42.3875000,-71.0041667
Orleans,MA,us,41.7897222,-69.9902778
Osterville,MA,us,41.6283333,-70.3875000
Otis,MA,us,42.1930556,-73.0922222
Otis Wood Lanes,MA,us,42.1855556,-73.1013889
Otter River,MA,us,42.5977778,-72.0513889
Overbrook,MA,us,42.3050000,-71.3250000
Owen District,MA,us,42.1591667,-72.6905556
Oxford,MA,us,42.1166667,-71.8652778
Oxford Heights,MA,us,42.1736111,-71.8791667
Oyster Harbors,MA,us,41.6208333,-70.4158333
Packard Heights,MA,us,42.6333333,-72.2297222
Packardville,MA,us,42.3458333,-72.3847222
Pakachoag,MA,us,42.2250000,-71.8138889
Palmer,MA,us,42.1583333,-72.3291667
Palmer Center,MA,us,42.1811111,-72.3152778
Palmer Green Estates,MA,us,42.1658333,-72.3450000
Paper Mill Village,MA,us,42.6252778,-71.5933333
Parkers Station,MA,us,42.6416667,-72.1125000
Parkerville,MA,us,42.5522222,-71.4388889
Parkwood Beach,MA,us,41.7458333,-70.7000000
Partidgeville,MA,us,42.5477778,-72.0472222
Partridgeville,MA,us,42.5477778,-72.0477778
Pattenville,MA,us,42.5791667,-71.2266667
Patuisset,MA,us,41.6833333,-70.6269444
Pawtucketville,MA,us,42.6583333,-71.3305556
Paxton,MA,us,42.3111111,-71.9286111
Payson Park,MA,us,42.3791667,-71.1666667
Peabody,MA,us,42.5277778,-70.9291667
Pelham,MA,us,42.3930556,-72.4041667
Pemberton,MA,us,42.3055556,-70.9175000
Pembroke,MA,us,42.0713889,-70.8097222
Pepperell,MA,us,42.6658333,-71.5888889
Pequoig,MA,us,42.6666667,-72.0125000
Perrins Crossing,MA,us,41.8861111,-71.3222222
Perry Manor,MA,us,42.2000000,-72.5541667
Perrys Corner,MA,us,41.8433333,-71.2013889
Perryville,MA,us,41.8625000,-71.2583333
Peru,MA,us,42.4380556,-73.0463889
Petersham,MA,us,42.4875000,-72.1875000
Phillips Point,MA,us,42.4638889,-70.8958333
Phillipston,MA,us,42.5486111,-72.1333333
Phillipston Four Corners,MA,us,42.5694444,-72.1333333
Piety Corner,MA,us,42.3902778,-71.2397222
Pigeon Cove,MA,us,42.6736111,-70.6333333
Pilgrim Heights,MA,us,42.0569444,-70.1152778
Pine Bluffs,MA,us,41.8250000,-70.9236111
Pine Grove,MA,us,42.3013889,-72.6736111
Pine Haven,MA,us,41.7902778,-70.9522222
Pine Hill Acres,MA,us,41.7138889,-70.9472222
Pine Island,MA,us,42.7758333,-70.8277778
Pine Lake,MA,us,42.3958333,-71.4541667
Pine Point,MA,us,42.1208333,-72.5291667
Pine Rest,MA,us,42.3888889,-71.4375000
Pine Tree Corner,MA,us,41.6186111,-70.4872222
Pine Tree Village,MA,us,41.8263889,-70.7375000
Pinecrest,MA,us,42.2533333,-71.7527778
Pinedale,MA,us,42.6125000,-72.2375000
Pinefield,MA,us,42.6888889,-70.9027778
Pinehurst,MA,us,42.5291667,-71.2286111
Pinehurst Beach,MA,us,41.7466667,-70.7102778
Pinehurst Mobile Home Village,MA,us,41.9263889,-70.7219444
Piney Point Beach,MA,us,41.6958333,-70.7222222
Pingryville,MA,us,42.5516667,-71.5369444
Pitcherville,MA,us,42.5263889,-72.0313889
Pittsfield,MA,us,42.4500000,-73.2458333
Plain,MA,us,42.4833333,-71.3722222
Plainfield,MA,us,42.5152778,-72.9166667
Plainville,MA,us,42.0041667,-71.3333333
Pleasant Hills,MA,us,42.4555556,-71.0138889
Pleasant Lake,MA,us,41.7138889,-70.0827778
Pleasant Valley,MA,us,42.3555556,-71.7694444
Plimoth Commons Mobile Home Park,MA,us,41.8583333,-70.5588889
Plimptonville,MA,us,42.1597222,-71.2375000
Plowed Neck,MA,us,41.7416667,-70.4416667
Plum Island,MA,us,42.8125000,-70.8138889
Plumbush,MA,us,42.7972222,-70.8291667
Plummer Corner,MA,us,42.1222222,-71.6480556
Plymouth,MA,us,41.9583333,-70.6677778
Plymouth Mobile Estates,MA,us,41.9513889,-70.6988889
Plympton,MA,us,41.9527778,-70.8150000
Pocasset,MA,us,41.6861111,-70.6166667
Pocasset Station,MA,us,41.6933333,-70.6158333
Pocomo,MA,us,41.3138889,-70.0208333
Point Independence,MA,us,41.7416667,-70.6500000
Point Shirley,MA,us,42.3597222,-70.9708333
Point of Pines,MA,us,42.4400000,-70.9666667
Polpis,MA,us,41.2983333,-70.0133333
Ponakin Mill,MA,us,42.4811111,-71.6875000
Pond Village,MA,us,41.7000000,-70.3250000
Pondsville,MA,us,41.6850000,-70.4208333
Pondville,MA,us,42.0902778,-71.2911111
Ponkapoag,MA,us,42.1916667,-71.1180556
Pontoosuc,MA,us,42.4791667,-73.2458333
Pontoosuc Gardens,MA,us,42.4944444,-73.2375000
Pope Beach,MA,us,41.6319444,-70.8791667
Popponesset,MA,us,41.5733333,-70.4636111
Popponesset Beach,MA,us,41.5736111,-70.4625000
Popponesset Island,MA,us,41.5841667,-70.4597222
Post Island,MA,us,42.2625000,-70.9744444
Pottersville,MA,us,41.7500000,-71.1416667
Pratt Corner,MA,us,42.4175000,-72.4750000
Pratt Junction,MA,us,42.4686111,-71.7416667
Pratts Corner,MA,us,42.0172222,-71.0950000
Prattville,MA,us,41.9388889,-71.0805556
Precinct,MA,us,41.8555556,-70.9805556
Prentice Corner,MA,us,42.1094444,-71.6961111
Prescott Center,MA,us,42.3916667,-72.3455556
Prides Crossing,MA,us,42.5597222,-70.8250000
Princeton,MA,us,42.4486111,-71.8777778
Princeton Station,MA,us,42.4480556,-71.9250000
Princeton Village,MA,us,42.6305556,-71.3563889
Priscilla Beach,MA,us,41.9319444,-70.5666667
Proctor,MA,us,42.5347222,-70.9527778
Proctors corner,MA,us,42.2550000,-71.9652778
Prospect Hill,MA,us,41.9438889,-70.8236111
Prospectville,MA,us,42.3958333,-71.2638889
Provincetown,MA,us,42.0583333,-70.1791667
Purdy Corner,MA,us,42.0063889,-71.2491667
Putnamville,MA,us,42.5861111,-70.9375000
Quaise,MA,us,41.2938889,-70.0361111
Quansoo,MA,us,41.3500000,-70.6625000
Quidnet,MA,us,41.3041667,-69.9805556
Quinapoxet,MA,us,42.3777778,-71.8513889
Quincy,MA,us,42.2527778,-71.0027778
Quincy Center,MA,us,42.2458333,-71.0083333
Quincy Neck,MA,us,42.2411111,-70.9708333
Quincy Point,MA,us,42.2458333,-70.9833333
Quinsigamond Village,MA,us,42.2291667,-71.7972222
Quissett,MA,us,41.5433333,-70.6500000
Quitnesset,MA,us,41.6563889,-69.9625000
Racing Beach,MA,us,41.5541667,-70.6550000
Raddin Station,MA,us,42.4597222,-70.9791667
Rakeville,MA,us,42.0255556,-71.4652778
Randolph,MA,us,42.1625000,-71.0416667
Raynham,MA,us,41.9486111,-71.0736111
Raynham Center,MA,us,41.9236111,-71.0527778
Reading,MA,us,42.5255556,-71.0958333
Reading Highlands,MA,us,42.5250000,-71.1125000
Readville,MA,us,42.2402778,-71.1375000
Readville Manor,MA,us,42.2291667,-71.1444444
Red Bridge,MA,us,42.1750000,-72.4108333
Redgate Corner,MA,us,41.6041667,-70.9444444
Reeds Corner,MA,us,42.2216667,-70.8083333
Rehoboth,MA,us,41.8402778,-71.2500000
Renfrew,MA,us,42.6377778,-73.1130556
Reservoir,MA,us,42.3347222,-71.1488889
Revere,MA,us,42.4083333,-71.0125000
Rexhame,MA,us,42.1138889,-70.6750000
Rial Side,MA,us,42.5500000,-70.8958333
Rice Square,MA,us,42.2458333,-71.7888889
Richardson Corners,MA,us,42.1511111,-71.9255556
Richmond,MA,us,42.3730556,-73.3680556
Richmond Furnace,MA,us,42.3611111,-73.3811111
Rings Island,MA,us,42.8166667,-70.8666667
Ringville,MA,us,42.3694444,-72.9102778
Rio Vista,MA,us,42.5430556,-71.3055556
Risingdale,MA,us,42.2486111,-73.3555556
River Pines,MA,us,42.5638889,-71.2888889
Riverdale,MA,us,42.6333333,-70.6750000
Riverdale Station,MA,us,42.6416667,-70.6722222
Rivermoor,MA,us,42.1750000,-70.7166667
Riverside,MA,us,42.5361111,-71.3041667
Riverview,MA,us,42.6319444,-70.6819444
Riverview Landing,MA,us,42.6277778,-70.6888889
Riverwind Estates,MA,us,42.0894444,-70.8547222
Roaring Brook Camp,MA,us,42.4813889,-72.6688889
Robin Hill,MA,us,42.3605556,-71.5963889
Robinson Crusoe Camp,MA,us,42.0930556,-72.0955556
Robinsonville,MA,us,42.0125000,-71.2666667
Rochdale,MA,us,42.1944444,-71.9063889
Rochester,MA,us,41.7316667,-70.8205556
Rock,MA,us,41.8416667,-70.8619444
Rock Harbor,MA,us,41.7972222,-70.0041667
Rock Island,MA,us,42.2622222,-70.9625000
Rock Landing,MA,us,41.5650000,-70.4694444
Rock Valley,MA,us,42.1938889,-72.6763889
Rockdale,MA,us,41.6516667,-70.9600000
Rockdale Mills,MA,us,42.2911111,-73.3766667
Rockland,MA,us,42.1305556,-70.9166667
Rockport,MA,us,42.6555556,-70.6208333
Rocks Village,MA,us,42.8097222,-71.0027778
Rockville,MA,us,42.1405556,-71.3597222
Rocky Hill,MA,us,42.1522222,-71.4877778
Rocky Neck,MA,us,42.6055556,-70.6583333
Rocky Nook,MA,us,41.9875000,-70.7008333
Rocky Nook Park,MA,us,41.9936111,-70.7013889
Rocky Nook Point,MA,us,41.9986111,-70.7075000
Roosterville,MA,us,42.0791667,-73.0730556
Rooty Plain,MA,us,42.7027778,-70.9513889
Rosemont,MA,us,42.8036111,-71.1116667
Roslindale,MA,us,42.2911111,-71.1250000
Rowe,MA,us,42.6933333,-72.9000000
Rowley,MA,us,42.7166667,-70.8791667
Rowley Shore,MA,us,42.6761111,-70.6616667
Roxbury,MA,us,42.3250000,-71.0958333
Roxbury Crossing,MA,us,42.3305556,-71.0916667
Royalston,MA,us,42.6775000,-72.1883333
Ruralville,MA,us,42.3900000,-71.8766667
Russell,MA,us,42.1897222,-72.8597222
Russells Mills,MA,us,41.5722222,-71.0069444
Russellville,MA,us,42.2019444,-72.7686111
Rutland,MA,us,42.3694444,-71.9486111
Rye Hill,MA,us,42.0861111,-70.9083333
Saconesset Hills,MA,us,41.5777778,-70.6402778
Sagamore,MA,us,41.7700000,-70.5288889
Sagamore Beach,MA,us,41.7983333,-70.5294444
Sagamore Highlands,MA,us,41.8066667,-70.5361111
Salem,MA,us,42.5194444,-70.8972222
Salem Neck,MA,us,42.5333333,-70.8680556
Salisbury,MA,us,42.8416667,-70.8611111
Salisbury Beach,MA,us,42.8430556,-70.8180556
Salisbury Heights,MA,us,42.2938889,-71.8458333
Salisbury Plains,MA,us,42.8694444,-70.8833333
Salisbury Point,MA,us,42.8416667,-70.9125000
Sampsons Corner,MA,us,41.8500000,-70.9458333
Sand Hills,MA,us,42.2097222,-70.7255556
Sandersdale,MA,us,42.0694444,-72.0125000
Sandisfield,MA,us,42.1125000,-73.1436111
Sandwich,MA,us,41.7588889,-70.4944444
Sandy Beach,MA,us,42.3388889,-71.9444444
Sandy Hill,MA,us,42.1541667,-72.6069444
Santuit,MA,us,41.6375000,-70.4511111
Satans Kingdom,MA,us,42.7125000,-72.4805556
Satucket,MA,us,42.0216667,-70.9494444
Saugus,MA,us,42.4647222,-71.0105556
Saundersville,MA,us,42.1813889,-71.7047222
Savin Hill,MA,us,42.3125000,-71.0583333
Savoy,MA,us,42.5666667,-73.0291667
Savoy Center,MA,us,42.6069444,-73.0430556
Saxonville,MA,us,42.3263889,-71.4000000
Schoosett,MA,us,42.1041667,-70.7986111
Scituate,MA,us,42.1958333,-70.7263889
Scituate Center,MA,us,42.2041667,-70.7611111
Scituate Station,MA,us,42.1930556,-70.7416667
Scorton Shores,MA,us,41.7416667,-70.4125000
Scotland,MA,us,41.9722222,-71.0069444
Scotland Estates,MA,us,41.9600000,-71.0077778
Scott Corners,MA,us,42.1819444,-72.5061111
Scott Hill Acres,MA,us,42.0680556,-71.4708333
Sea View,MA,us,42.1394444,-70.7138889
Seabrook,MA,us,41.5827778,-70.5000000
Searsville,MA,us,42.4008333,-72.7458333
Second Cliff,MA,us,42.1916667,-70.7183333
Seconsett Island,MA,us,41.5661111,-70.5122222
Seekonk,MA,us,41.8083333,-71.3375000
Segreganset,MA,us,41.8366667,-71.1138889
Sesachacha,MA,us,41.2833333,-69.9833333
Seventh Day Adventist Village,MA,us,42.4211111,-71.6436111
Shaker Glen,MA,us,42.4541667,-71.1991667
Shaker Village,MA,us,42.4313889,-73.3375000
Shakerhill,MA,us,42.4583333,-71.1805556
Shallow Pond,MA,us,41.2933333,-70.1316667
Sharon,MA,us,42.1236111,-71.1791667
Sharon Heights,MA,us,42.1083333,-71.1972222
Shattuckville,MA,us,42.6375000,-72.7269444
Shawkemo,MA,us,41.2944444,-70.0583333
Shawsheen Heights,MA,us,42.6755556,-71.1597222
Shawsheen Village,MA,us,42.6722222,-71.1444444
Shea Corner,MA,us,42.0416667,-72.7013889
Sheffield,MA,us,42.1102778,-73.3555556
Shelburne,MA,us,42.5897222,-72.6888889
Shelburne Falls,MA,us,42.6041667,-72.7397222
Sheldonville,MA,us,42.0347222,-71.3875000
Shell Beach,MA,us,41.6413889,-70.8061111
Shepardville,MA,us,42.0230556,-71.3088889
Sherborn,MA,us,42.2388889,-71.3702778
Sherman Corner,MA,us,42.1841667,-70.7786111
Sherwood Forest,MA,us,41.7069444,-70.9277778
Shimmo,MA,us,41.2861111,-70.0750000
Shirkshire,MA,us,42.5513889,-72.7269444
Shirley,MA,us,42.5436111,-71.6500000
Shirley Center,MA,us,42.5722222,-71.6513889
Shooters Island,MA,us,41.6236111,-69.9777778
Shore Acres,MA,us,41.5569444,-70.9402778
Shrewsbury,MA,us,42.2958333,-71.7133333
Shrewsbury Street,MA,us,42.2680556,-71.7875000
Shutesbury,MA,us,42.4563889,-72.4102778
Shutleff Corner,MA,us,41.9111111,-70.7691667
Siasconset,MA,us,41.2625000,-69.9666667
Sibleys Corner,MA,us,42.2516667,-71.9772222
Silver Beach,MA,us,41.6402778,-70.6375000
Silver Hill,MA,us,42.3958333,-71.3027778
Silver Lake,MA,us,42.0041667,-70.7936111
Silver Shell Beach,MA,us,41.6083333,-70.8652778
Sippewisset,MA,us,41.5652778,-70.6469444
Sissons Corner,MA,us,41.6194444,-71.0527778
Sixteen Acres,MA,us,42.1166667,-72.5013889
Sky Farm,MA,us,42.6400000,-72.4202778
Skyland,MA,us,42.0713889,-73.0475000
Slades Corner,MA,us,41.5694444,-71.0330556
Slades Ferry,MA,us,41.7208333,-71.1583333
Slocums Corner,MA,us,41.5444444,-71.0097222
Smalltown,MA,us,41.5958333,-70.5380556
Smith Highlands,MA,us,42.1944444,-72.5888889
Smith Mills,MA,us,41.6388889,-70.9916667
Smiths Ferry,MA,us,42.2583333,-72.6147222
Smithville,MA,us,42.3944444,-72.0541667
Smooth Hummocks,MA,us,41.2497222,-70.1416667
Snell Corner,MA,us,41.5861111,-71.0819444
Somerset,MA,us,41.7694444,-71.1291667
Somerville,MA,us,42.3875000,-71.1000000
South Acton,MA,us,42.4583333,-71.4541667
South Amherst,MA,us,42.3402778,-72.5055556
South Ashburnham,MA,us,42.6102778,-71.9394444
South Ashfield,MA,us,42.5105556,-72.7769444
South Athol,MA,us,42.5313889,-72.2625000
South Attleboro,MA,us,41.9083333,-71.3625000
South Barre,MA,us,42.3852778,-72.0958333
South Bellingham,MA,us,42.0416667,-71.4766667
South Berlin,MA,us,42.3597222,-71.6291667
South Billerica,MA,us,42.5277778,-71.2805556
South Bolton,MA,us,42.3966667,-71.6055556
South Boston,MA,us,42.3333333,-71.0500000
South Braintree,MA,us,42.2000000,-71.0000000
South Brewster,MA,us,41.7472222,-70.0602778
South Bridgewater,MA,us,41.9455556,-70.9475000
South Byfield,MA,us,42.7486111,-70.9041667
South Carver,MA,us,41.8405556,-70.7472222
South Charlton,MA,us,42.0980556,-71.9250000
South Chatham,MA,us,41.6791667,-70.0250000
South Chelmsford,MA,us,42.5708333,-71.3763889
South Commons,MA,us,42.2369444,-70.9875000
South Dartmouth,MA,us,41.5916667,-70.9416667
South Deerfield,MA,us,42.4772222,-72.6083333
South Dennis,MA,us,41.6894444,-70.1569444
South Duxbury,MA,us,42.0230556,-70.6833333
South Easton,MA,us,42.0472222,-71.0819444
South Egremont,MA,us,42.1605556,-73.4166667
South End,MA,us,42.0958333,-72.5833333
South Essex,MA,us,42.6291667,-70.7694444
South Factory Village,MA,us,42.0722222,-72.3277778
South Fitchburg,MA,us,42.5644444,-71.7833333
South Foxboro,MA,us,42.0366667,-71.2708333
South Gardner,MA,us,42.5583333,-71.9791667
South Georgetown,MA,us,42.7097222,-70.9916667
South Grafton Street,MA,us,42.2402778,-71.7541667
South Groveland,MA,us,42.7402778,-71.0455556
South Hadley,MA,us,42.2583333,-72.5750000
South Hadley Falls,MA,us,42.2166667,-72.6000000
South Halifax,MA,us,41.9555556,-70.8666667
South Hamilton,MA,us,42.6069444,-70.8791667
South Hanover,MA,us,42.0972222,-70.8500000
South Hanson,MA,us,42.0430556,-70.8805556
South Harwich,MA,us,41.6750000,-70.0444444
South Hawley,MA,us,42.5463889,-72.9050000
South Hingham,MA,us,42.1958333,-70.8750000
South Lancaster,MA,us,42.4444444,-71.6875000
South Lee,MA,us,42.2777778,-73.2777778
South Lincoln,MA,us,42.4138889,-71.3263889
South Lowell,MA,us,42.6194444,-71.2875000
South Lynnfield,MA,us,42.5166667,-71.0019444
South Mashpee,MA,us,41.5825000,-70.4775000
South Meadow Village,MA,us,41.8938889,-70.7513889
South Middleboro,MA,us,41.8241667,-70.8280556
South Middleton,MA,us,42.5708333,-71.0291667
South Milford,MA,us,42.1027778,-71.5047222
South Monson,MA,us,42.0916667,-72.3111111
South Natick,MA,us,42.2736111,-71.3166667
South Orleans,MA,us,41.7505556,-69.9916667
South Peabody,MA,us,42.5097222,-70.9500000
South Pepperell,MA,us,42.6416667,-71.6055556
South Pocasset,MA,us,41.6750000,-70.6091667
South Pond,MA,us,41.9069444,-70.6416667
South Quabbin Villa,MA,us,42.2788889,-72.3783333
South Quarter,MA,us,42.1416667,-72.8625000
South Quincy,MA,us,42.2388889,-71.0083333
South Rehoboth,MA,us,41.8041667,-71.2825000
South Row,MA,us,42.6333333,-71.7036111
South Royalston,MA,us,42.6305556,-72.1477778
South Salem,MA,us,42.5111111,-70.8930556
South Sandisfield,MA,us,42.0683333,-73.1600000
South Seekonk,MA,us,41.7888889,-71.3194444
South Sherborn,MA,us,42.2236111,-71.3555556
South Shrewsbury,MA,us,42.2763889,-71.7166667
South Spencer,MA,us,42.2186111,-72.0152778
South Stoughton,MA,us,42.1152778,-71.0805556
South Sudbury,MA,us,42.3625000,-71.4138889
South Sutton,MA,us,42.1000000,-71.7125000
South Swansea,MA,us,41.7180556,-71.2041667
South Truro,MA,us,41.9686111,-69.0708333
South Village,MA,us,42.6666667,-71.8250000
South Walpole,MA,us,42.1041667,-71.2616667
South Wareham,MA,us,41.7722222,-70.7500000
South Wellfleet,MA,us,41.9180556,-69.9958333
South Wendell,MA,us,42.5208333,-72.3916667
South Westport,MA,us,41.5708333,-71.0583333
South Weymouth,MA,us,42.1750000,-70.9500000
South Williamstown,MA,us,42.6605556,-73.2419444
South Wilmington,MA,us,42.5152778,-71.1569444
South Worcester,MA,us,42.2436111,-71.8138889
South Worthington,MA,us,42.3436111,-72.8902778
South Yarmouth,MA,us,41.6666667,-70.1852778
Southampton,MA,us,42.2291667,-72.7305556
Southborough,MA,us,42.3055556,-71.5250000
Southbridge,MA,us,42.0750000,-72.0338889
Southfield,MA,us,42.1013889,-73.2333333
Southville,MA,us,42.2666667,-71.5369444
Southwick,MA,us,42.0547222,-72.7708333
Spencer,MA,us,42.2438889,-71.9927778
Spindleville,MA,us,42.1147222,-71.5300000
Spring Hill,MA,us,42.3883333,-71.1097222
Springdale,MA,us,42.1344444,-72.7230556
Springfield,MA,us,42.1013889,-72.5902778
Springfield Hill,MA,us,42.1216667,-72.7111111
Springhill Beach,MA,us,41.7555556,-70.4536111
Spruce Corner,MA,us,42.5022222,-72.8472222
Squam,MA,us,41.3166667,-69.9916667
Squantum,MA,us,42.2958333,-71.0125000
Squibnocket,MA,us,41.3069444,-70.7750000
Standish,MA,us,42.1069444,-70.7555556
Stanley,MA,us,42.0033333,-70.9819444
Staples Corner,MA,us,41.8611111,-70.9388889
Staples Shore,MA,us,41.8527778,-70.9250000
State Line,MA,us,42.3477778,-73.4097222
Stearnsville,MA,us,42.4402778,-73.3000000
Steeles Corners,MA,us,42.6605556,-73.2416667
Steep Brook,MA,us,41.7416667,-71.1291667
Sterling,MA,us,42.4375000,-71.7611111
Sterling Camp Grounds,MA,us,42.4069444,-71.7625000
Sterling Junction,MA,us,42.4041667,-71.7708333
Stevens Corner,MA,us,42.3994444,-73.3316667
Stevens Crossing,MA,us,42.6922222,-71.1111111
Stewartville,MA,us,42.7111111,-72.6736111
Still River,MA,us,42.4916667,-71.6180556
Stockbridge,MA,us,42.2875000,-73.3208333
Stoneham,MA,us,42.4800000,-71.1000000
Stoneville,MA,us,42.5958333,-72.3833333
Stony Beach,MA,us,42.3069444,-70.9022222
Stonybrook Village,MA,us,42.2522222,-71.1430556
Stoughton,MA,us,42.1250000,-71.1027778
Stoughton Junction,MA,us,42.0972222,-71.0963889
Stow,MA,us,42.4369444,-71.5061111
Straits Pond,MA,us,42.2680556,-70.8458333
Sturbridge,MA,us,42.1083333,-72.0791667
Sturtevant Mill,MA,us,41.7061111,-70.8405556
Suburban Park,MA,us,41.6444444,-71.0652778
Suburban Village Trailer Park,MA,us,42.6727778,-71.6233333
Sudbury,MA,us,42.3833333,-71.4166667
Suffield Corner,MA,us,42.0625000,-72.6319444
Suffolk Downs Station,MA,us,42.3897222,-70.9983333
Summer Heights,MA,us,42.1791667,-71.1472222
Summit,MA,us,42.3333333,-71.7916667
Summit Grove,MA,us,41.6375000,-70.9972222
Sunderland,MA,us,42.4666667,-72.5791667
Sunken Meadow Beach,MA,us,41.8722222,-70.0083333
Sunnyside,MA,us,42.0625000,-71.8861111
Surfside,MA,us,41.2444444,-70.0883333
Sutherland Woods,MA,us,42.4211111,-71.2058333
Sutton,MA,us,42.1500000,-71.7633333
Suttons Mills,MA,us,42.7069444,-71.1333333
Swampscott,MA,us,42.4708333,-70.9180556
Swan Avenue,MA,us,42.2583333,-71.8486111
Swan Corner,MA,us,42.6516667,-71.4361111
Swansea,MA,us,41.7480556,-71.1902778
Swansea Center,MA,us,41.7416667,-71.1933333
Swanson Corners,MA,us,42.1980556,-72.7269444
Sweets Corner,MA,us,42.6783333,-73.2111111
Swift River,MA,us,42.4472222,-72.8583333
Swifts Beach,MA,us,41.7416667,-70.7208333
Symmes Corner,MA,us,42.4430556,-71.1333333
Tafts Corner,MA,us,42.2563889,-71.9600000
Tahanto Beach,MA,us,41.7000000,-70.6208333
Tanglewood,MA,us,42.3472222,-73.3097222
Tapleyville,MA,us,42.5541667,-70.9486111
Tarkiln,MA,us,42.0333333,-70.7388889
Tasseltop,MA,us,42.0222222,-71.7194444
Tatham,MA,us,42.1041667,-72.6800000
Tatnuck,MA,us,42.2833333,-71.8500000
Taunton,MA,us,41.9000000,-71.0902778
Teaticket,MA,us,41.5644444,-70.5963889
Templeton,MA,us,42.5555556,-72.0680556
Templeton Station,MA,us,42.5591667,-72.0819444
Ten Hills,MA,us,42.3966667,-71.0875000
Tenneyville,MA,us,42.1513889,-72.3138889
Tewksbury,MA,us,42.6105556,-71.2347222
Tewksbury Junction,MA,us,42.6152778,-71.2166667
Texas,MA,us,42.1652778,-71.8927778
The Boulders,MA,us,42.4747222,-73.2008333
The Green,MA,us,41.9066667,-70.8861111
The Patten,MA,us,42.6247222,-72.7091667
The Pines,MA,us,42.5436111,-71.2272222
The Springs,MA,us,41.7472222,-70.4791667
The Spruces Mobile Home Park,MA,us,42.7041667,-73.1805556
The Street,MA,us,42.5750000,-72.2194444
The X,MA,us,42.0861111,-72.5583333
Thermopylae,MA,us,42.2819444,-72.6008333
Third Cliff,MA,us,42.1791667,-70.7180556
Thomastown,MA,us,41.8752778,-70.8405556
Thompsonville,MA,us,42.3152778,-71.1847222
Thorndike,MA,us,42.1875000,-72.3361111
Three Rivers,MA,us,42.1811111,-72.3611111
Thumpertown Beach,MA,us,41.8436111,-70.0041667
Tihonet,MA,us,41.7866667,-70.7183333
Tinkertown,MA,us,42.0236111,-70.7208333
Tinkhamtown,MA,us,41.6833333,-70.8516667
Tississa,MA,us,41.3583333,-70.6527778
Tolland Center,MA,us,42.0811111,-73.0125000
Tonset,MA,us,41.8000000,-69.9541667
Topsfield,MA,us,42.6375000,-70.9500000
Touisset,MA,us,41.7208333,-71.2277778
Tower Hill,MA,us,42.3680556,-71.3388889
Town Crest Village,MA,us,42.5780556,-73.1508333
Town Hall,MA,us,42.0652778,-70.8666667
Town Pasture,MA,us,41.2833333,-70.1166667
Townsend,MA,us,42.6666667,-71.7055556
Townsend Harbor,MA,us,42.6527778,-71.6722222
Tozier Corner,MA,us,42.7583333,-71.1713889
Tracy Corner,MA,us,41.9388889,-71.0541667
Trainfield,MA,us,42.1408333,-72.7550000
Tree of Knowledge Corner,MA,us,42.0291667,-70.7333333
Tremont,MA,us,41.7902778,-70.7708333
Trots Hills,MA,us,41.2875000,-70.1583333
Truro,MA,us,41.9933333,-70.0502778
Tully,MA,us,42.6375000,-72.2486111
Turkey Hill Shores,MA,us,42.3375000,-71.9563889
Turners Falls,MA,us,42.6041667,-72.5569444
Tuttleville,MA,us,42.2091667,-70.9083333
Tyngsboro,MA,us,42.6766667,-71.4250000
Tyringham,MA,us,42.2458333,-73.2041667
Union Chapel,MA,us,42.1841667,-72.0338889
Union Hill,MA,us,42.2513889,-71.7916667
Unionville,MA,us,42.0908333,-71.4250000
University Highlands,MA,us,41.6241667,-71.0013889
University Park,MA,us,42.2500000,-71.8166667
Uphams Corner,MA,us,42.3166667,-71.0611111
Upper Four Corners,MA,us,41.8680556,-70.9319444
Upper Green,MA,us,42.7930556,-70.8611111
Upper Hill,MA,us,42.1097222,-72.5541667
Upper Wire Village,MA,us,42.2722222,-71.9772222
Upton,MA,us,42.1744444,-71.6027778
Uxbridge,MA,us,42.0772222,-71.6300000
Vallersville,MA,us,41.8700000,-70.5361111
Valley View,MA,us,42.1222222,-71.4750000
Van Deusenville,MA,us,42.2272222,-73.3638889
Varnumtown,MA,us,42.7041667,-71.3666667
Vernon Hill,MA,us,42.2444444,-71.8000000
Victory Hill,MA,us,42.4686111,-73.2305556
Village of Nagog Woods,MA,us,42.5188889,-71.4300000
Vineyard Haven,MA,us,41.4541667,-70.6041667
Vineyard Highlands,MA,us,41.4638889,-70.5666667
Vining Hill,MA,us,42.0311111,-72.8055556
Vose,MA,us,42.6125000,-71.6333333
Waban,MA,us,42.3277778,-71.2277778
Wachusett,MA,us,42.5388889,-71.8711111
Wachusett Station,MA,us,42.5583333,-71.8458333
Wades Corner,MA,us,41.8783333,-71.1683333
Wadsworth,MA,us,42.0583333,-71.4375000
Waites Corner,MA,us,42.5638889,-71.8505556
Wakeby,MA,us,41.6777778,-70.4747222
Wakefield,MA,us,42.5063889,-71.0733333
Wakefield Junction,MA,us,42.4958333,-71.0708333
Wales,MA,us,42.0694444,-72.2227778
Walnut Hill,MA,us,42.4958333,-71.1291667
Walpole,MA,us,42.1416667,-71.2500000
Walpole Heights,MA,us,42.1416667,-71.2250000
Waltham,MA,us,42.3763889,-71.2361111
Waltham Highlands,MA,us,42.3841667,-71.2472222
Wamesit,MA,us,42.6250000,-71.2638889
Wampum Corner,MA,us,42.0500000,-71.3463889
Wampum Rock,MA,us,42.0402778,-71.3319444
Wapping,MA,us,42.5250000,-72.6083333
Waquoit Village,MA,us,41.5900000,-70.5216667
Ward Corner,MA,us,42.5783333,-71.3963889
Ward Hill,MA,us,42.7566667,-71.1041667
Ware,MA,us,42.2597222,-72.2402778
Ware Center,MA,us,42.2638889,-72.2736111
Wareham,MA,us,41.7625000,-70.7222222
Wareham Center,MA,us,41.7666667,-70.7266667
Warren,MA,us,42.2125000,-72.1916667
Warren Landing,MA,us,41.2861111,-70.1925000
Warrentown,MA,us,41.9219444,-70.9175000
Warwick,MA,us,42.6819444,-72.3394444
Washington,MA,us,42.3658333,-73.1166667
Water View Village,MA,us,41.9036111,-70.7869444
Watertown,MA,us,42.3708333,-71.1833333
Waterville,MA,us,41.9169444,-70.8413889
Watson,MA,us,42.5375000,-72.8566667
Wauwinet,MA,us,41.3291667,-69.9966667
Waveland,MA,us,42.2916667,-70.8805556
Waverley,MA,us,42.3875000,-71.1833333
Wawela Park,MA,us,42.0438889,-71.8375000
Wayland,MA,us,42.3625000,-71.3619444
Wayside,MA,us,41.8291667,-70.9319444
Webster,MA,us,42.0500000,-71.8805556
Webster Square,MA,us,42.2430556,-71.8319444
Wedgemere,MA,us,42.4444444,-71.1402778
Weeset,MA,us,41.8055556,-69.9569444
Weir Village,MA,us,41.8833333,-71.0861111
Wellesley,MA,us,42.2963889,-71.2930556
Wellesley Farms,MA,us,42.3194444,-71.2694444
Wellesley Fells,MA,us,42.3083333,-71.3166667
Wellesley Hills,MA,us,42.3083333,-71.2791667
Wellfleet,MA,us,41.9375000,-70.0333333
Wellfleet by the Sea,MA,us,41.9297222,-69.9791667
Wellington,MA,us,42.4111111,-71.0833333
Wellville,MA,us,42.6602778,-71.9061111
Wendell,MA,us,42.5480556,-72.3972222
Wendell Depot,MA,us,42.5958333,-72.3602778
Wenham,MA,us,42.6041667,-70.8916667
Wenham Neck,MA,us,42.5922222,-70.8450000
Wepua Point,MA,us,41.3458333,-70.4700000
Wessonville,MA,us,42.2861111,-71.6272222
West Abington,MA,us,42.0916667,-70.9677778
West Acton,MA,us,42.4750000,-71.4750000
West Agawam,MA,us,42.0791667,-72.6500000
West Andover,MA,us,42.6611111,-71.1588889
West Auburn,MA,us,42.1763889,-71.8730556
West Barnstable,MA,us,41.7055556,-70.3750000
West Becket,MA,us,42.2647222,-73.1361111
West Bedford,MA,us,42.4780556,-71.3161111
West Berlin,MA,us,42.3880556,-71.6611111
West Boxford,MA,us,42.7069444,-71.0644444
West Boylston,MA,us,42.3666667,-71.7861111
West Brewster,MA,us,41.7444444,-70.1102778
West Bridgewater,MA,us,42.0188889,-71.0083333
West Brimfield,MA,us,42.1755556,-72.2611111
West Brookfield,MA,us,42.2352778,-72.1416667
West Chatham,MA,us,41.6811111,-69.9916667
West Chelmsford,MA,us,42.6166667,-71.4000000
West Chesterfield,MA,us,42.4027778,-72.8763889
West Chop,MA,us,41.4800000,-70.6033333
West Concord,MA,us,42.4583333,-71.3958333
West Cummington,MA,us,42.4916667,-72.9680556
West Deerfield,MA,us,42.5327778,-72.6311111
West Dennis,MA,us,41.6644444,-70.1733333
West Dighton,MA,us,41.8433333,-71.1958333
West Dudley,MA,us,42.0486111,-71.9833333
West Duxbury,MA,us,42.0563889,-70.7750000
West Everett,MA,us,42.4111111,-71.0638889
West Falmouth,MA,us,41.6041667,-70.6350000
West Farms,MA,us,42.1852778,-72.7777778
West Fitchburg,MA,us,42.5750000,-71.8416667
West Foxboro,MA,us,42.0750000,-71.2708333
West Gloucester,MA,us,42.6133333,-70.7111111
West Granville,MA,us,42.0772222,-72.9438889
West Groton,MA,us,42.6041667,-71.6277778
West Hanover,MA,us,42.1194444,-70.8833333
West Harwich,MA,us,41.6666667,-70.1166667
West Hatfield,MA,us,42.3708333,-72.6375000
West Hawley,MA,us,42.5275000,-72.9472222
West Hingham,MA,us,42.2375000,-70.9033333
West Hyannisport,MA,us,41.6361111,-70.3208333
West Leominster,MA,us,42.5444444,-71.7638889
West Leyden,MA,us,42.7013889,-72.6652778
West Lynn,MA,us,42.4652778,-70.9819444
West Manchester,MA,us,42.5666667,-70.7833333
West Mansfield,MA,us,41.9980556,-71.2458333
West Meadow,MA,us,42.0333333,-71.0291667
West Medford,MA,us,42.4222222,-71.1333333
West Medway,MA,us,42.1416667,-71.4250000
West Millbury,MA,us,42.1711111,-71.8041667
West Natick,MA,us,42.2777778,-71.3791667
West New Boston,MA,us,42.1019444,-73.0958333
West Newbury,MA,us,42.8013889,-70.9902778
West Newton,MA,us,42.3500000,-71.2333333
West Northfield,MA,us,42.7263889,-72.4647222
West Opening,MA,us,41.3466667,-70.4958333
West Orange,MA,us,42.5986111,-72.3425000
West Otis,MA,us,42.1833333,-73.1472222
West Oxford,MA,us,42.1022222,-71.8880556
West Parish,MA,us,42.7875000,-71.1400000
West Peabody,MA,us,42.5458333,-70.9944444
West Pelham,MA,us,42.3777778,-72.4708333
West Pittsfield,MA,us,42.4308333,-73.3102778
West Quincy,MA,us,42.2527778,-71.0333333
West Roxbury,MA,us,42.2791667,-71.1500000
West Royalston,MA,us,42.6944444,-72.2472222
West Rutland,MA,us,42.3583333,-71.9883333
West Somerville,MA,us,42.3958333,-71.1230556
West Springfield,MA,us,42.1069444,-72.6208333
West Sterling,MA,us,42.4500000,-71.8194444
West Stockbridge,MA,us,42.3458333,-73.3666667
West Stockbridge Center,MA,us,42.3055556,-73.4027778
West Stoughton,MA,us,42.1291667,-71.1250000
West Summit,MA,us,42.6963889,-73.0666667
West Sutton,MA,us,42.1138889,-71.8000000
West Tatnuck,MA,us,42.2819444,-71.8722222
West Tisbury,MA,us,41.3811111,-70.6750000
West Town Landing,MA,us,42.5066667,-70.8733333
West Townsend,MA,us,42.6775000,-71.7408333
West Upton,MA,us,42.1694444,-71.6208333
West Village,MA,us,42.5666667,-71.1125000
West Walpole,MA,us,42.1369444,-71.2875000
West Ware,MA,us,42.2730556,-72.3305556
West Wareham,MA,us,41.7897222,-70.7608333
West Warren,MA,us,42.2125000,-72.2352778
West Whately,MA,us,42.2716667,-72.6813889
West Worthington,MA,us,42.4230556,-72.9869444
West Wrentham,MA,us,42.0250000,-71.4119444
West Yarmouth,MA,us,41.6500000,-70.2416667
Westborough,MA,us,42.2694444,-71.6166667
Westbrook,MA,us,42.4130556,-72.6297222
Westbrook Village,MA,us,42.3000000,-71.1541667
Westchester,MA,us,42.3000000,-71.8291667
Westdale,MA,us,42.0202778,-70.9833333
Westfield,MA,us,42.1250000,-72.7500000
Westford,MA,us,42.5791667,-71.4383333
Westford Station,MA,us,42.5969444,-71.4358333
Westgate Park,MA,us,41.7208333,-70.9402778
Westhampton,MA,us,42.3027778,-72.7750000
Westlands,MA,us,42.6152778,-71.3416667
Westminster,MA,us,42.5458333,-71.9111111
Weston,MA,us,42.3666667,-71.3036111
Weston Station,MA,us,42.3708333,-71.2936111
Westport Factory,MA,us,41.6388889,-71.0500000
Westport Point,MA,us,41.5222222,-71.0750000
Westview,MA,us,42.1125000,-71.4291667
Westview Park,MA,us,41.6444444,-70.9541667
Westville,MA,us,41.8861111,-71.1361111
Westwood,MA,us,42.2138889,-71.2250000
Westwood Hills,MA,us,42.2777778,-71.8291667
Wethersfield,MA,us,42.1027778,-71.4750000
Weweantic,MA,us,41.7352778,-70.7325000
Weymouth,MA,us,42.2208333,-70.9402778
Weymouth Heights,MA,us,42.2300000,-70.9458333
Weymouth Landing,MA,us,42.2233333,-70.9625000
Whalom,MA,us,42.5750000,-71.7472222
Whately,MA,us,42.4397222,-72.6352778
Wheatleigh,MA,us,42.3394444,-73.2975000
Wheelockville,MA,us,42.0805556,-71.6152778
Wheelwright,MA,us,42.3519444,-72.1402778
Whidden Corner,MA,us,42.6263889,-71.4208333
Whipples,MA,us,42.2027778,-72.3175000
Whispering Pines Estates Mobile Home Park,MA,us,42.2125000,-71.7950000
Whitcomb Summit,MA,us,42.6880556,-73.0225000
White City,MA,us,42.1202778,-71.5416667
White Hall,MA,us,42.3738889,-71.9986111
White Horse Beach,MA,us,41.9308333,-70.5583333
White Island Shores,MA,us,41.8000000,-70.6352778
White Oaks,MA,us,42.7308333,-73.1980556
White Valley,MA,us,42.3902778,-72.0805556
Whiteville,MA,us,42.0375000,-71.1875000
Whitinsville,MA,us,42.1111111,-71.6666667
Whitman,MA,us,42.0805556,-70.9361111
Whitmanville,MA,us,42.5833333,-71.9013889
Whitneys,MA,us,42.2402778,-71.4069444
Whittenton,MA,us,41.9250000,-71.0944444
Whittenton Junction,MA,us,41.9166667,-71.1144444
Wianno,MA,us,41.6138889,-70.3858333
Wigwam Beach,MA,us,41.6230556,-70.8597222
Wilbraham,MA,us,42.1236111,-72.4319444
Wilburite Corner,MA,us,41.5930556,-70.9805556
Wilkins Four Corners,MA,us,42.0105556,-71.3061111
Wilkinsonville,MA,us,42.1750000,-71.7208333
Williamsburg,MA,us,42.3930556,-72.7305556
Williamsburg Station,MA,us,42.3875000,-72.7175000
Williamstown,MA,us,42.7119444,-73.2041667
Williamsville,MA,us,42.2652778,-73.3805556
Willimansett,MA,us,42.1791667,-72.6208333
Willow Lane Adult Trailer Park,MA,us,42.6938889,-73.0769444
Willowdale,MA,us,42.6719444,-71.3847222
Willows,MA,us,42.5583333,-71.5400000
Wilmington,MA,us,42.5463889,-71.1741667
Wilmington Junction,MA,us,42.5902778,-71.1672222
Winchendon,MA,us,42.6861111,-72.0444444
Winchendon Center,MA,us,42.6611111,-72.0416667
Winchendon Springs,MA,us,42.6944444,-72.0152778
Winchester,MA,us,42.4522222,-71.1375000
Winchester Highlands,MA,us,42.4666667,-71.1263889
Windbrook Acres Mobile Home Park,MA,us,42.2125000,-71.8072222
Windemere,MA,us,42.3055556,-70.8880556
Windsor,MA,us,42.5116667,-73.0583333
Wingbrook Estates,MA,us,42.0855556,-70.8497222
Winnecunnet,MA,us,41.9763889,-71.1305556
Winsegansett Heights,MA,us,41.5972222,-70.8630556
Winslow Estates,MA,us,42.0819444,-70.9144444
Winslows,MA,us,42.1708333,-71.2111111
Winslows Crossing,MA,us,42.1088889,-70.8675000
Winter Hill,MA,us,42.3958333,-71.0994444
Winters Corner,MA,us,42.0708333,-71.0652778
Winthrop,MA,us,42.3750000,-70.9833333
Winthrop Beach,MA,us,42.3777778,-70.9736111
Winthrop Highlands,MA,us,42.3875000,-70.9722222
Woburn,MA,us,42.4791667,-71.1527778
Woburn Highlands,MA,us,42.4736111,-71.1436111
Wolf Lake,MA,us,41.7041667,-70.8500000
Wollaston,MA,us,42.2638889,-71.0222222
Wood End,MA,us,42.0202778,-70.1888889
Woodland,MA,us,42.3361111,-71.2425000
Woodland Park,MA,us,42.2263889,-71.8313889
Woods Corner,MA,us,41.6111111,-71.1125000
Woods Hole,MA,us,41.5263889,-70.6736111
Woodside,MA,us,42.3300000,-71.6297222
Woodsville,MA,us,42.5733333,-71.6250000
Woodville,MA,us,42.2375000,-71.5625000
Worcester,MA,us,42.2625000,-71.8027778
Workmans Circle Camp,MA,us,42.2491667,-71.4375000
Woronoco,MA,us,42.1638889,-72.8300000
Woronoco Heights,MA,us,42.1597222,-72.8750000
Worthington Center,MA,us,42.3972222,-72.9361111
Worthington Corners,MA,us,42.4102778,-72.9361111
Wrentham,MA,us,42.0666667,-71.3286111
Wyben,MA,us,42.1722222,-72.7777778
Wynnmere,MA,us,42.4922222,-71.1805556
Wyoma,MA,us,42.4855556,-70.9583333
Wyoming,MA,us,42.4541667,-71.0694444
Yankee Orchards,MA,us,42.4511111,-73.1986111
Yarmouth,MA,us,41.7055556,-70.2291667
Yarmouth Port,MA,us,41.7019444,-70.2500000
Yarmouth Station,MA,us,41.6980556,-70.2583333
Zoar,MA,us,42.6525000,-72.9319444
Zylonite,MA,us,42.6519444,-73.1083333
